Settings:lockpassword_continue_label	Continue	Tovább -> Folytatás | = | = | =	[lockscreen.js]
Settings:lockpattern_retry_button_text	Retry	= | Erneut versuchen -> Wiederholen | = | Reintentar -> Repetir	[lockscreen.js]
Settings:lockpattern_settings_enable_visible_pattern_title	Make pattern visible	= | = | Afficher le schéma -> Faire apparaître le schéma | Mostrar patrón -> Mostrar el patrón dibujado	[settings-system.js]
Settings:lockpassword_choose_your_pattern_header	Choose your pattern	Minta megadása -> Válassza ki a mintát | Muster festlegen -> Muster wählen | Choisir un schéma -> Choisissez votre schéma | Elige tu patrón -> Elige un patrón	[lockscreen.js]
Settings:lockpassword_choose_your_pin_header	Choose your PIN	PIN megadása -> Adja meg PIN-kódját | = | Choisir un code PIN -> Choisir votre code PIN | Elige tu PIN -> Selecciona tu PIN	[lockscreen.js]
Settings:lockpassword_choose_your_password_header	Choose your password	Jelszó megadása -> Adjon meg egy jelszót | = | Choisir un mot de passe -> Choisir votre mot de passe | Elige tu contraseña -> Selecciona tu contraseña	[lockscreen.js]
Settings:lockpattern_recording_intro_header	Draw an unlock pattern	Rajzolj feloldási mintát -> Rajzoljon egy feloldási mintát | Entsperrmuster zeichnen -> Zeichnen Sie ein Entsperrungsmuster. | Dessinez un schéma de déverrouillage -> Dessinez un schéma de déverrouillage : | Dibuja un patrón de desbloqueo -> Crea un patrón de desbloqueo	[lockscreen.js]
framework:lockscreen_pattern_instructions	Draw pattern to unlock	Rajzold le a feloldási mintát -> Rajzolja le a mintát a feloldáshoz | Zum Entsperren Muster zeichnen -> Muster zum Entsperren zeichnen | Dessinez le schéma pour déverrouiller -> Dessinez un schéma pour déverrouiller le téléphone | Dibuja el patrón para desbloquear -> Dibujar patrón de desbloqueo	[lockscreen.js]
SKIP	Enter PIN	Add meg a PIN-t	Keyguard:kg_pin_instructions=Adja meg a PIN kódot / framework:restr_pin_enter_pin=PIN kód megadása	[lockscreen.js]
Settings:lockpassword_confirm_your_pin_header	Confirm your PIN	Add meg újra a PIN-t -> PIN-kód megerősítése | = | Confirmez le code PIN -> Confirmer votre code PIN | Confirma tu PIN -> Confirma el número PIN	[lockscreen.js]
Settings:lockpassword_confirm_your_password_header	Confirm your password	Add meg újra a jelszót -> Jelszó megerősítése | = | Confirmez le mot de passe -> Confirmer le mot de passe | =	[lockscreen.js]
framework:lockscreen_emergency_call	Emergency call	= | = | Appel d’urgence -> Appel d'urgence | =	[jb-keyguard.js lockscreen.js]
Settings:date_time_auto_summaryOn	Use network-provided time	Hálózat által megadott idő -> Hálózat által megadott idő használata | Zeit aus dem Netzwerk beziehen -> Zeit aus Netzwerk beziehen | Utiliser l’heure du réseau -> Utiliser la date et l'heure fournies par le réseau | Usar hora de la red -> Usar hora proporcionada por la red	[settings-system.js]
Settings:zone_auto_summaryOn	Use network-provided time zone	Hálózat által megadott időzóna -> Hálózat által megadott időzóna használata | Zeitzone aus dem Netzwerk beziehen -> Vom Netzwerk angegebene Zeitzone beibehalten | Utiliser le fuseau horaire du réseau -> Utiliser le fuseau horaire fourni par le réseau | Usar zona horaria de la red -> Usar zona horaria proporcionada por la red	[settings-system.js]
framework:time_picker_dialog_title	Set time	= | = | Définir l’heure -> Définir l'heure | =	[settings-system.js]
Settings:date_time_set_timezone	Select time zone	= | = | Choisir le fuseau horaire -> Définir le fuseau horaire | =	[settings-system.js]
Settings:date_time_24hour	Use 24-hour format	24 órás formátum -> 24 órás formátum használata | = | = | Usar formato de 24 horas -> Formato de 24 horas	[settings-system.js]
Settings:owner_info_settings_title	Owner info	= | Inhaberinformationen -> Info zum Eigentümer | = | =	[settings-system.js]
Settings:show_owner_info_on_lockscreen_label	Show owner info on lock screen	Tulajdonosi adatok a zárolási képernyőn -> Tulajdonosi adatok megjelenítése a lezáró képernyőn | Inhaberinformationen auf Sperrbildschirm anzeigen -> Infos zum Eigentümer auf Sperrbildschirm anzeigen | Afficher les infos sur l’écran verrouillé -> Coordonnées du propriétaire sur l'écran verrouillé | Mostrar información en la pantalla de bloqueo -> Mostrar datos del propietario en la pantalla de bloqueo	[settings-system.js]
Settings:lock_settings_picker_title	Choose screen lock	Képernyőzár kiválasztása -> Képernyőzár választása | Displaysperre auswählen -> Display-Sperre wählen | Choisir le verrouillage -> Sélect. verr. écran | =	[lockscreen.js settings-system.js]
Settings:unlock_set_unlock_biometric_weak_title	Face Unlock	= | = | Déverrouillage par visage -> Face Unlock | =	[lockscreen.js settings-system.js]
Settings:crypt_keeper_encrypt_title	Encrypt phone	= | = | = | Cifrar teléfono -> Encriptar teléfono	[settings-system.js]
Settings:manage_device_admin	Device administrators	Eszközadminisztrátorok -> Eszköz-rendszergazdák | = | Administrateurs de l’appareil -> Administrateurs de l'appareil | Administradores del dispositivo -> Administradores de dispositivos	[settings-system.js]
Settings:tether_settings_title_usb	USB tethering	= | = | Partage de connexion USB -> Partage connexion Bluetooth par USB | Anclaje USB -> Anclaje de USB	[settings-system.js]
Settings:usb_tethering_unavailable_subtext	USB not connected	= | USB nicht verbunden -> Keine USB-Verbindung | = | =	[settings-system.js]
Settings:tether_settings_title_bluetooth	Bluetooth tethering	Bluetooth-megosztás -> Bluetooth megosztása | = | Partage de connexion Bluetooth -> Partage connexion Bluetooth | Anclaje Bluetooth -> Anclaje de Bluetooth	[settings-system.js]
Settings:apn_user	Username	= | Benutzername -> Nutzername | Nom d’utilisateur -> Nom d'utilisateur | =	[settings-system.js]
Settings:radioInfo_data_disconnected	Disconnected	Nincs csatlakoztatva -> Szétkapcsolva | = | = | Desconectado -> Desconectada	[settings-system.js]
SKIP	Disconnect	Kapcsolat bontása	framework:media_route_controller_disconnect=Leválasztás / framework:wifi_display_notification_disconnect=Szétkapcsol / Settings:bluetooth_device_context_disconnect=Szétkapcsolás	[settings-system.js]
Settings:apn_edit	Edit access point	= | = | Modifier le point d’accès -> Modifier le point d'accès | =	[settings-system.js]
GoogleDialer:onscreenHoldText	Hold	= | = | Mettre en attente -> En attente | =	[phone-call.js]
GoogleDialer:onHold	On hold	= | Gehalten -> Gehaltener Anruf | = | =	[phone-call.js simulator.js]
GoogleDialer:card_title_in_call	In call	= | Im Gespräch -> Anruf | = | En llamada -> Llamada entrante	[phone-call.js simulator.js]
GoogleDialer:onscreenAddCallText	Add call	= | = | Ajouter un appel -> Autre appel | =	[phone-call.js]
SKIP	Call details	Hívás részletei	GoogleDialer:callDetailTitle=Hívás adatai / GoogleDialer:description_call_details=Hívás adatai	[phone-call.js]
TeleService:notification_ongoing_call	Ongoing call	Folyamatban lévő hívás -> Hívás folyamatban | Laufender Anruf -> Aktueller Anruf | = | =	[simulator.js]
Settings:dtmf_tone_enable_title	Dial pad touch tones	Tárcsázó hangjai -> Tárcsázó érintési hangjai | = | Tonalités du clavier -> Numérotation sonore | Tonos del teclado -> Sonar al marcar número	[settings-detail.js]
Settings:sound_effects_enable_title	Touch sounds	Érintési hangok -> Érintés hangja | = | = | Sonidos al tocar -> Sonar al tocar	[settings-detail.js]
Settings:lock_sounds_enable_title	Screen lock sound	= | = | Son de verrouillage -> Son au verrouillage écran | Sonido de bloqueo -> Sonido en pantalla de bloqueo	[settings-detail.js]
Settings:haptic_feedback_enable_title	Vibrate on touch	Rezgés érintéskor -> Érintéskor rezegjen | = | = | =	[settings-detail.js]
Settings:notification_pulse_title	Pulse notification light	Villogó értesítési fény -> Villogó értesítő fény | = | = | Luz de notificación -> Usar LED de notificaciones	[settings-detail.js]
Settings:title_font_size	Font size	= | = | Taille de police -> Taille de la police | =	[settings-detail.js]
Settings:volume_ring_description	Ringtone & notifications	= | Klingelton und Benachrichtigungen -> Klingelton & Benachrichtigungen | = | =	[settings-detail.js]
Settings:data_usage_enable_mobile	Mobile data	= | Mobile Daten -> Mobiler Datenverkehr | = | =	[settings-detail.js]
Settings:data_usage_disable_mobile_limit	Set mobile data limit	Mobiladat-korlát beállítása -> Mobil adatkorlát beállítása | Limit für mobile Daten festlegen -> Limit festlegen | Définir un plafond de données -> Définir un plafond | Establecer límite de datos -> Limitar datos móviles	[settings-detail.js]
Settings:data_usage_cycle	Data usage cycle	Adathasználati ciklus -> Adatforgalmi ciklus | Datennutzungszyklus -> Datenverbrauchszyklus | = | Ciclo de uso de datos -> Ciclo de uso	[settings-detail.js]
SKIP	Foreground	Előtér	Settings:menu_proc_stats_type_foreground=Előtérben futó folyamatok / Settings:data_usage_label_foreground=Előtér	[settings-detail.js]
SKIP	Background	Háttér	Settings:menu_proc_stats_type_background=Háttérben futó folyamatok / Settings:data_usage_label_background=Háttér	[settings-detail.js]
Settings:data_usage_menu_restrict_background	Restrict background data	= | = | Limiter les données en arrière-plan -> Limiter données arr.-plan | Restringir datos en segundo plano -> Restringir conexiones automáticas	[settings-detail.js]
Settings:memory_size	Total space	Teljes tárhely -> Összes hely | = | = | =	[settings-detail.js]
Settings:dock_audio_settings_title	Audio	Hanganyagok -> Hang | = | = | =	[settings-detail.js]
Settings:memory_media_misc_usage	Misc.	Egyéb -> Egyéb. | = | = | Otros -> Varios	[settings-detail.js]
SKIP	All	Összes	PackageInstaller:allPerms=Mind / GoogleDialer:call_log_all_title=Összes / Settings:filter_apps_all=Összes / Velvet:all_language_packs=Minden	[kk-dialer.js settings-detail.js simulator.js stock-apps.js]
SystemUI:status_bar_recent_inspect_item_title	App info	= | = | Infos sur l’application -> Informations sur l'application | =	[jb-recents.js settings-detail.js simulator.js]
Settings:force_stop	Force stop	= | = | Forcer l’arrêt -> Forcer l'arrêt | =	[settings-detail.js]
Settings:total_size_label	Total	= | Gesamt -> Insgesamt | = | =	[settings-detail.js]
SKIP	Data	Adatok	framework:serviceClassData= Adatok / Settings:data_size_label=Adatok	[settings-detail.js]
Settings:clear_cache_btn_text	Clear cache	Gyorsítótár törlése -> A gyorsítótár törlése | = | = | =	[settings-detail.js]
Settings:clear_data_dlg_title	Delete app data?	Törlöd az alkalmazás adatait? -> Alkalmazásadatok törlése? | = | Effacer les données de l’application ? -> Supprimer les données de l'application ? | ¿Borrar datos de la aplicación? -> ¿Eliminar datos de la aplicación?	[settings-detail.js]
Settings:history_details_title	History details	= | = | Détails de l’historique -> Informations sur l'historique | Detalles del historial -> Detalles de historial	[settings-detail.js]
Settings:battery_stats_wake_lock_label	Awake	= | = | Éveillé -> En activité | Activo -> Activa	[settings-detail.js]
Settings:battery_stats_screen_on_label	Screen on	Képernyő bekapcsolva -> Bekapcsolt képernyővel | Display an -> Bildschirm an | Écran allumé -> Écran activé | =	[settings-detail.js]
Settings:battery_info_status_charging	Charging	= | Wird geladen -> Wird aufgeladen | En charge -> Batterie en charge | =	[settings-detail.js]
Settings:details_title	Use details	Használati részletek -> Használat részletei | Verbrauchsdetails -> Details zum Verbrauch | Détails de consommation -> Informations sur l'utilisation | =	[settings-detail.js]
Settings:controls_subtitle	Adjust power use	Energiahasználat beállítása -> Az energiafelhasználás beállítása | = | = | Ajustar consumo -> Cómo reducir el uso de la batería	[settings-detail.js]
EmailGoogle:body_hint	Compose email	Levél írása -> Levélírás | E-Mail verfassen -> E-Mail schreiben | Rédiger un e-mail -> Composez un message | Redactar correo -> Escribe tu correo	[email.js kk-email.js]
SKIP	Inbox	Beérkező levelek	Gmail2:inbox_folders_heading=Beérkező levelek / Gmail2:label_inbox=Beérkezett üzenetek	[email.js gmail.js kk-email.js simulator.js]
SKIP	Starred	Csillagozott	EmailGoogle:mailbox_name_display_starred=Csillagozott / EmailGoogle:account_folder_list_summary_starred=Csillaggal megjelölt / Gmail2:label_starred=Csillaggal megjelölt	[email.js gmail.js kk-email.js]
EmailGoogle:cc	Cc	Másolat -> Másolatot kap | = | = | =	[email.js kk-email.js]
EmailGoogle:remove_star	Remove star	= | = | = | Quitar destacado -> Eliminar estrella	[email.js kk-email.js]
EmailGoogle:add_photo_attachment	Attach picture	= | = | Joindre une image -> Joindre une photo | =	[email.js kk-email.js]
SKIP	Playlists	Lejátszási listák	Music2:spinner_playlists=Lejátszási listák / Music2:playlists_title=Lejátszási listák	[music.js play-apps.js]
SKIP	Shuffle	Keverés	Music2:shuffle=Véletlen sorrendű lejátszás / Music2:accessibility_shuffle=Véletlen sorrendű lejátszás	[music.js play-apps.js]
SKIP	Edit	Szerkesztés	CalendarGoogle:edit_label=Szerkeszt / GalleryGoogle:edit=Szerkesztés / PlusOne:menu_edit=Szerkesztés / Settings:user_dict_settings_context_menu_edit_title=Szerkesztés / PlusOne:location_sharing_settings_edit_acl_button=Módosítás	[calendar.js jb-gallery.js photos.js settings-system.js]
CalendarGoogle:agenda_view	Agenda	Napirend -> Napló | = | Planning -> Mon planning | =	[calendar.js simulator.js]
CalendarGoogle:today	Today	= | = | Aujourd’hui -> Aujourd'hui | =	[calendar.js]
SKIP	All day	Egész nap	CalendarGoogle:edit_event_all_day_label=Egész nap / Velvet:all_day=Egész napos	[calendar.js simulator.js]
CalendarGoogle:hint_what	Event name	= | = | Nom de l’événement -> Nom de l'événement | =	[calendar.js]
SKIP	Location	Helyszín	Velvet:location_label=Hely / SystemUI:quick_settings_location_label=Tartózkodási hely	[calendar.js jb-shade.js simulator.js stock-apps.js]
CalendarGoogle:accessibility_pick_start_date	Start date	Kezdő dátum -> Kezdés dátuma | = | = | =	[calendar.js]
CalendarGoogle:accessibility_pick_start_time	Start time	Kezdés időpontja -> Kezdés ideje | = | = | =	[calendar.js]
CalendarGoogle:accessibility_pick_end_date	End date	Befejező dátum -> Befejezés dátuma | = | = | Fecha de fin -> Fecha de finalización	[calendar.js]
CalendarGoogle:accessibility_pick_end_time	End time	Befejezés időpontja -> Befejezés ideje | Endzeit -> Ende | = | Hora de fin -> Hora de finalización	[calendar.js]
EmailGoogle:discard	Discard	= | Verwerfen -> Löschen | Abandonner -> Supprimer | =	[calendar.js email.js kk-email.js]
GalleryGoogle:rotate_left	Rotate left	= | = | Pivoter à gauche -> Faire pivoter à gauche | =	[jb-gallery.js media.js]
GalleryGoogle:rotate_right	Rotate right	= | = | Pivoter à droite -> Faire pivoter à droite | =	[jb-gallery.js media.js]
GalleryGoogle:pref_camera_settings_category	Camera settings	Kamerabeállítások -> Kamera beállításai | = | Paramètres de l’appareil photo -> Paramètres appareil photo | Ajustes de cámara -> Ajustes de la cámara	[media.js]
SKIP	White balance	Fehéregyensúly	GalleryGoogle:white_balance=Fehéregyensúly / GalleryGoogle:pref_camera_whitebalance_title=Fehéregyensúly	[media.js]
SKIP	Auto	Automatikus	GalleryGoogle:auto=Automata / GalleryGoogle:pref_camera_focusmode_entry_auto=Automatikus / GalleryGoogle:pref_camera_scenemode_entry_auto=Automatikus	[media.js settings-system.js simulator.js]
GalleryGoogle:pref_camera_whitebalance_entry_daylight	Daylight	Napfény -> Nappali fény | = | = | Luz del día -> Luz natural	[media.js]
GalleryGoogle:pref_camera_whitebalance_entry_incandescent	Incandescent	= | Glühlampe -> Glühlampenlicht | = | =	[media.js]
SKIP	Exposure	Expozíció	GalleryGoogle:vignette_exposure=Expozíció / GalleryGoogle:pref_exposure_title=Megvilágítás	[jb-gallery.js media.js]
DeskClockGoogle:enable_alarm	Turn alarm on	Ébresztés bekapcsolása -> Az ébresztés bekapcsolása | Wecker aktivieren -> Wecker einschalten | Activer l’alarme -> Activer l'alarme | =	[desk-clock.js kk-deskclock.js]
DeskClockGoogle:every_day	Every day	= | Jeden Tag -> Täglich | = | =	[desk-clock.js kk-deskclock.js]
SKIP	Repeat	Ismétlés	DeskClockGoogle:alarm_repeat=Ismétlődés / Music2:accessibility_repeat=Ismétlés	[desk-clock.js kk-deskclock.js music.js play-apps.js]
DeskClockGoogle:ringtone	Ringtone	= | = | = | Tono -> Tono de llamada	[desk-clock.js]
DeskClockGoogle:alarm_vibrate	Vibrate	= | = | = | Vibrar -> Vibración	[desk-clock.js kk-deskclock.js settings-detail.js]
DeskClockGoogle:label	Label	= | Bezeichnung -> Label | = | Etiqueta -> Nombre de la alarma	[desk-clock.js kk-deskclock.js]
DeskClockGoogle:default_label	Alarm	Ébresztés -> Ébresztő | = | = | =	[desk-clock.js jb-deskclock.js]
DeskClockGoogle:menu_item_night_mode	Night mode	= | = | Mode nuit -> Mode Nuit | =	[desk-clock.js]
framework:time_picker_increment_hour_button	Increase hour	Óra növelése -> Óra értékének növelése | Stunde erhöhen -> Stunden verlängern | Augmenter l’heure -> Heure suivante | Aumentar hora -> Aumentar horas	[desk-clock.js]
framework:time_picker_decrement_hour_button	Decrease hour	Óra csökkentése -> Óra értékének csökkentése | Stunde verringern -> Stunden verringern | Diminuer l’heure -> Heure précédente | Reducir hora -> Reducir horas	[desk-clock.js]
framework:time_picker_increment_minute_button	Increase minute	Perc növelése -> Perc értékének növelése | Minute erhöhen -> Minuten verlängern | Augmenter les minutes -> Minute suivante | Aumentar minuto -> Aumentar minutos	[desk-clock.js]
framework:time_picker_decrement_minute_button	Decrease minute	Perc csökkentése -> Perc értékének csökkentése | Minute verringern -> Minuten verringern | Diminuer les minutes -> Minute précédente | Reducir minuto -> Reducir minutos	[desk-clock.js]
SKIP	Silent	Néma	DeskClockGoogle:silent_alarm_summary=Néma / framework:description_target_silent=Némítás	[desk-clock.js kk-deskclock.js settings-detail.js]
SKIP	Snooze	Szundi	DeskClockGoogle:alarm_alert_snooze_text=Szundi / Velvet:snooze_button=Szundi	[desk-clock.js simulator.js]
DeskClockGoogle:alarm_alert_dismiss_text	Dismiss	Leállítás -> Elvetés | Beenden -> Ausschalten | Arrêter -> Quitter | =	[desk-clock.js]
Contacts:viewContactTitle	Contact details	Kapcsolati adatok -> Névjegy adatai | Kontaktdetails -> Kontaktinformationen | Coordonnées -> Détails du contact | Datos de contacto -> Detalles del contacto	[people.js]
Contacts:ghostData_company	Company	= | Firma -> Unternehmen | = | =	[people.js]
Contacts:label_notes	Notes	Jegyzetek -> Megjegyzések | = | = | =	[people.js]
Chrome:accessibility_tabstrip_btn_close_tab	Close tab	= | = | Fermer l’onglet -> Fermer onglet | =	[chrome.js]
Phonesky:launcher_name	Play Store	= | = | Play Store -> Play Store | =	[kk-play.js simulator.js]
Phonesky:my_downloads_menu	My apps	Saját alkalmazások -> Alkalmazásaim | = | = | =	[kk-play.js play-store.js]
Music2:accessibility_prev	Previous	= | Zurück -> Vorheriger | = | =	[calendar.js play-apps.js play-store.js]
SKIP	Next	Következő	framework:next_button_label=Tovább / Music2:accessibility_next=Tovább	[calendar.js play-apps.js play-store.js]
Phonesky:details_reviews	Reviews	Értékelések -> Vélemények | Rezensionen -> Erfahrungsberichte | Avis -> Commentaires | Reseñas -> Opiniones	[kk-play.js play-store.js]
SKIP	All contacts	Összes névjegy	GoogleDialer:display_all_contacts=Összes névjegy / Contacts:contactsAllLabel=Az összes névjegy	[kk-dialer.js people.js simulator.js]
Contacts:searchHint	Search contacts	Névjegyek keresése -> Keresés a névjegyek között | Kontakte suchen -> In Kontakten suchen | Rechercher des contacts -> Rech. des contacts | =	[people.js simulator.js]
SKIP	Add to contacts	Hozzáadás a névjegyekhez	Contacts:non_phone_add_to_contacts=Hozzáadása a névjegyekhez / GoogleDialer:search_shortcut_add_to_contacts=Hozzáadás a névjegyekhez	[kk-dialer.js simulator.js]
Calculator:basic	Basic panel	= | = | Fonctions de base -> Panneau de base | Panel básico -> Funciones básicas	[simulator.js]
Calculator:advanced	Advanced panel	= | = | = | Panel avanzado -> Funciones avanzadas	[simulator.js]
Calculator:clear_history	Clear history	= | = | Effacer l’historique -> Effacer l'historique | =	[simulator.js]
SKIP	More options	További lehetőségek	Phonesky:setup_account_more_options=További lehetőségek / Settings:wifi_menu_more_options=További lehetőségek / DeskClockGoogle:button_menu=További beállítások / PlusOne:profile_edit_name_show_more_options=További opciók / GoogleDialer:action_menu_overflow_description=További beállítások / Settings:user_dict_settings_add_dialog_more_options=További opciók	[chrome.js gel-now.js hangouts.js jb-deskclock.js jb-gallery.js kk-deskclock.js kk-dialer.js kk-downloads.js kk-email.js kk-extra-apps.js kk-play.js media.js people.js photos.js play-apps.js play-store.js simulator.js stock-apps.js]
SKIP	None	Nincs	GalleryGoogle:plus_editor_no_frame=Semelyik / GalleryGoogle:aspectNone_effect=Nincs / GalleryGoogle:none=Nincs / GalleryGoogle:effect_none=Nincs / framework:ringtone_silent=Egyik sem / Settings:unlock_set_unlock_off_title=Nincs / Settings:unlock_set_unlock_mode_off=Nincs / Settings:wifi_security_none=Nincs / Settings:color_none=Semelyik / Settings:data_usage_list_none=Nincs / Settings:vpn_lockdown_none=Egyik sem	[calendar.js jb-devopts.js jb-gallery.js lockscreen.js people.js settings-system.js simulator.js]
Settings:bluetooth_not_visible_to_other_devices	Not visible to other Bluetooth devices	Más Bluetooth-eszközök számára nem látható -> Nem látható a többi Bluetooth eszköz számára | Für andere Bluetooth-Geräte nicht sichtbar -> Nicht sichtbar für andere Bluetooth-Geräte | Non visible par les autres appareils Bluetooth -> Non visible par d'autres appareils Bluetooth | No visible para otros dispositivos Bluetooth -> Oculto para otros dispositivos Bluetooth	[simulator.js]
Settings:bluetooth_pairing_accept	Pair	= | Koppeln -> Kopplung durchführen | Associer -> Se connecter | =	[simulator.js]
Settings:bluetooth_device_context_unpair	Unpair	Párosítás megszüntetése -> Párosítás törlése | Entkoppeln -> Pairing aufheben | = | Desvincular -> Desincronizar	[simulator.js]
Settings:bluetooth_notif_ticker	Bluetooth pairing request	Bluetooth-párosítási kérelem -> Bluetooth párosítási kérelem | Bluetooth-Kopplungsanfrage -> Bluetooth-Pairing-Anfrage | Demande d’association Bluetooth -> Demande d'association Bluetooth | Solicitud de vinculación Bluetooth -> Solicitud de vinculación de Bluetooth	[simulator.js]
Settings:bluetooth_device_name	Device name	= | = | Nom de l’appareil -> Nom de l'appareil | =	[simulator.js]
Settings:bluetooth_show_received_files	Show received files	Fogadott fájlok megjelenítése -> Beérkező fájlok megjelenítése | = | = | =	[simulator.js]
SKIP	Unavailable	Nem érhető el	Settings:wifi_display_status_not_available=Nem érhető el / Settings:status_unavailable=Nem érhető el	[kk-play.js settings-system.js simulator.js]
framework:lockscreen_carrier_default	No service.	= | Kein Netz. -> Kein Dienst | Aucun service. -> Aucun service | Sin servicio. -> Sin servicio	[jb-shade.js simulator.js]
Settings:gadget_title	Power control	= | = | Contrôle de l’alimentation -> Contrôle de l'alimentation | =	[simulator.js]
SKIP	Phone	Telefon	TeleService:phoneIconLabel=Telefon / GoogleDialer:phoneLabelsGroup=Telefonszám / GoogleDialer:dialerIconLabel=Telefon / Velvet:show_contact_information_section_phone=Telefonszám	[people.js phone-call.js simulator.js]
SKIP	People	Névjegyek	GalleryGoogle:people=Személyek / Contacts:people=Személyek	[jb-gallery.js people.js simulator.js]
Velvet:messaging_label	Messaging	= | Nachrichten -> SMS/MMS | Messages -> SMS/MMS | =	[media.js simulator.js]
SKIP	Camera	Kamera	SystemUI:accessibility_camera_button=Kamera / GalleryGoogle:menu_camera=Kamera / framework:permgrouplab_camera=Fényképezőgép / Keyguard:keyguard_accessibility_camera=Kamera	[jb-gallery.js jb-keyguard.js media.js photos.js play-store.js simulator.js stock-apps.js widgets.js]
SKIP	Settings	Beállítások	Velvet:settings=Beállítások / PlusOne:stream_circle_settings=Beállítások	[chrome.js gel-now.js hangouts.js jb-gallery.js jb-shade.js kk-email.js kk-play.js photos.js simulator.js stock-apps.js]
SKIP	Calendar	Naptár	Velvet:calendar_name_label=Naptár / Settings:sync_calendar=Naptár	[calendar.js play-store.js simulator.js widgets.js]
SKIP	Email	E-mail	Contacts:emailLabelsGroup=E-mail / Contacts:email_other=E-mail küldése / Contacts:email=E-mail / Velvet:email=E-mail / Velvet:email_icon_desc=E-mail / Velvet:show_contact_information_section_email=E-mail	[people.js settings-detail.js simulator.js]
SKIP	Back	Vissza	GalleryGoogle:pref_camera_id_entry_back=Vissza / TeleService:ota_call_end=Vissza / Settings:wizard_back=Vissza	[calendar.js chrome.js desk-clock.js email.js hangouts.js jb-gallery.js kk-email.js kk-play.js lockscreen.js media.js music.js people.js phone-call.js photos.js play-apps.js play-store.js simulator.js stock-apps.js]
SKIP	Home	Kezdőlap	framework:sipAddressTypeHome=Otthoni / Velvet:all_apps_home_button_label=Főoldal / SystemUI:accessibility_home=Főoldal / Velvet:home=Otthon	[hangouts.js simulator.js stock-apps.js]
SystemUI:accessibility_recent	Recent apps	Legutóbbi alkalmazások -> Legújabb alkalmazás | Letzte Apps -> Kürzlich geöffnete Apps | = | =	[simulator.js]
SKIP	Search	Keresés	Keyguard:description_target_search=Keresés / Velvet:type_or_tap_mic=Keresés / Settings:search_settings=Keresés / Velvet:accessibility_widget_search=Keresés	[calendar.js chrome.js email.js gel-now.js jb-search.js kk-downloads.js kk-email.js kk-extra-apps.js people.js photos.js play-apps.js play-store.js simulator.js stock-apps.js]
framework:searchview_description_voice	Voice search	Hangkeresés -> Hangalapú keresés | = | = | =	[kk-dialer.js simulator.js]
SKIP	Remove	Eltávolítás	DownloadProviderUi:remove_download=Törlés / Velvet:remove=Eltávolítás	[jb-keyguard.js simulator.js]
SystemUI:status_bar_no_recent_apps	No recent apps	Nincsenek legutóbbi alkalmazások -> Nincs újabb alkalmazás | Keine zuletzt verwendeten Apps -> Keine kürzlich geöffneten Apps | Aucune application récente -> Aucune application récente. | No hay aplicaciones recientes -> No hay aplicaciones recientes.	[jb-recents.js]
Settings:header_category_wireless_networks	WIRELESS & NETWORKS	VEZETÉK NÉLKÜLI ÉS HÁLÓZATOK -> VEZETÉK NÉLKÜLI ÉS EGYÉB HÁLÓZATOK | = | = | CONEXIONES INALÁMBRICAS -> CONEXIONES INALÁMBRICAS Y REDES	[simulator.js]
Settings:header_category_personal	PERSONAL	= | PERSÖNLICH -> NUTZER | = | =	[simulator.js]
SKIP	Bluetooth	Bluetooth	TeleService:audio_mode_bluetooth=Bluetooth / Settings:bluetooth_quick_toggle_title=Bluetooth	[jb-shade.js simulator.js]
Settings:data_usage_summary_title	Data usage	= | Datennutzung -> Datenverbrauch | Consommation de données -> Consommation des données | =	[settings-detail.js simulator.js]
SKIP	Sound	Hang	Settings:sound_settings=Hang / TeleService:voicemail_notification_ringtone_title=Hang	[settings-detail.js simulator.js]
Settings:display_settings_title	Display	Kijelző -> Megjelenítés | = | = | =	[settings-detail.js simulator.js]
Settings:display_label	Screen	= | Bildschirm -> Display | = | =	[settings-detail.js]
Settings:power_idle	Phone idle	Telefon készenlétben -> Telefon - tétlen | Telefon-Standby -> Ruhezustand | = | =	[settings-detail.js]
Settings:power_cell	Cell standby	Cella készenlétben -> Cella készenlét | = | Veille cellulaire -> Veille GSM | Red móvil en espera -> Dispositivo inactivo	[settings-detail.js]
Settings:process_kernel_label	Android OS	= | Android-Betriebssystem -> Android OS | Système Android -> Plate-forme Android | SO Android -> Android OS	[settings-detail.js]
Settings:language_settings	Language & input	= | = | = | Idioma e introducción -> Idioma e introducción de texto	[simulator.js]
Settings:about_settings	About phone	= | = | = | Acerca del teléfono -> Información del teléfono	[simulator.js]
Settings:privacy_settings	Backup & reset	= | = | = | Copia de seguridad y restablecer -> Copia de seguridad	[simulator.js]
Settings:development_settings_title	Developer options	Fejlesztői beállítások -> Fejlesztői lehetőségek | = | = | =	[simulator.js]
Settings:unlock_set_unlock_launch_picker_title	Screen lock	Képernyőzár -> Képernyő zárolása | Displaysperre -> Display-Sperre | Verrouillage de l’écran -> Verrouillage de l'écran | =	[settings-system.js]
Settings:unlock_set_unlock_none_title	Slide	= | Wischen -> Finger bewegen | = | =	[lockscreen.js settings-system.js]
Settings:show_password	Make passwords visible	Jelszavak láthatóvá tétele -> Jelszó láthatóvá tétele | Passwörter sichtbar machen -> Passwörter sichtbar | Afficher les mots de passe -> Faire apparaître mots de passe | Mostrar contraseñas -> Mostrar las contraseñas	[settings-system.js]
Settings:backup_data_title	Back up my data	= | = | = | Crear copia de seguridad de mis datos -> Copiar mis datos	[simulator.js]
Settings:auto_restore_title	Automatic restore	Automatikus visszaállítás -> Automatikus helyreállítás | Automatisch wiederherstellen -> Autom. Wiederherstellung | Restauration automatique -> Restaurer automatiquement | =	[simulator.js]
Settings:master_clear_title	Factory data reset	= | Auf Werkszustand zurücksetzen -> Auf Werkszustand zurück | Rétablir la configuration d’usine -> Restaurer valeurs d'usine | =	[simulator.js]
Settings:accessibility_no_services_installed	No services installed	Nincsenek telepített szolgáltatások -> Nincs telepített szolgáltatás | = | = | No hay servicios instalados -> No se ha instalado ningún servicio.	[simulator.js]
Settings:accessibility_toggle_speak_password_preference_title	Speak passwords	Jelszavak felolvasása -> Jelszavak kimondása | Passwörter vorlesen -> Passwörter aussprechen | = | =	[simulator.js]
Settings:enable_adb	USB debugging	USB-hibakeresés -> USB hibakeresés | = | = | =	[jb-devopts.js]
Settings:enable_adb_summary	Debug mode when USB is connected	Hibakeresési mód USB-kapcsolatnál -> Hibakeresés mód USB csatlakoztatásakor | Debugmodus bei USB-Verbindung -> Debugmodus bei Anschluss über USB | Mode débogage lorsque l’USB est connecté -> Mode débogage lorsqu'un câble USB est connecté | Modo de depuración al conectar USB -> Activar el modo de depuración cuando el dispositivo esté conectado por USB	[jb-devopts.js]
Settings:keep_screen_on	Stay awake	Ébren maradás -> Nem kapcsolódik ki | = | = | Permanecer activo -> Pantalla activa	[jb-devopts.js]
Settings:keep_screen_on_summary	Screen will never sleep while charging	Töltés közben a képernyő nem alszik el -> A képernyő soha nem kapcsol ki töltés során | Bildschirm bleibt beim Laden eingeschaltet -> Display wird beim Laden nie in den Ruhezustand versetzt | L’écran reste allumé pendant la charge -> L'écran ne se met jamais en veille lors du chargement. | La pantalla permanece encendida mientras carga -> La pantalla nunca entra en modo de suspensión si el dispositivo se está cargando	[jb-devopts.js]
Settings:allow_mock_location	Allow mock locations	Hamis helyek engedélyezése -> Helyutánzatok engedélyezése | Simulierte Standorte zulassen -> Falsche Standorte | Autoriser les positions fictives -> Positions fictives | Permitir ubicaciones simuladas -> Ubicaciones simuladas	[jb-devopts.js]
Settings:show_touches	Show touches	= | = | Afficher les appuis -> Afficher élément sélectionné | Mostrar toques -> Mostrar pulsaciones	[jb-devopts.js]
Settings:show_touches_summary	Show visual feedback for touches	Vizuális visszajelzés érintéskor -> Érintések vizuális visszajelzésének megjelenítése | Visuelle Rückmeldung bei Berührungen anzeigen -> Visuelles Feedback für Berührungen anzeigen | Afficher un retour visuel lors des appuis -> Afficher repère visuel pour éléments sélectionnés | Mostrar respuesta visual al tocar -> Mostrar la ubicación de las pulsaciones en la pantalla	[jb-devopts.js]
Settings:wireless_networks_settings_title	Wireless & networks	Vezeték nélküli és hálózatok -> Vezeték nélküli és egyéb hálózatok | = | = | Conexiones inalámbricas -> Conexiones inalámbricas y redes	[simulator.js]
SKIP	Connected	Csatlakoztatva	Settings:bluetooth_connected=Csatlakozva / Settings:wifi_display_status_connected=Csatlakozva	[settings-system.js simulator.js]
Settings:wifi_connect	Connect	Csatlakozás -> Kapcsolódás | = | = | Conectar -> Establecer conexión	[settings-system.js simulator.js]
Settings:wifi_forget	Forget	Elfelejtés -> Elfelejt | = | Oublier -> Retirer | Olvidar -> Borrar	[simulator.js]
Settings:wifi_menu_scan	Scan	= | Suchen -> Scannen | = | =	[simulator.js]
Settings:wifi_menu_advanced	Advanced	= | = | = | Avanzado -> Ajustes avanzados	[simulator.js]
Settings:wifi_notify_open_networks	Network notification	= | Netzwerkbenachrichtigung -> Netzwerkhinweis | Notification réseau -> Notification de réseau | Notificación de red -> Notificación de red disponible	[settings-system.js]
Settings:wifi_notify_open_networks_summary	Notify me when an open network is available	Értesítés, ha nyílt hálózat érhető el -> Értesítést kérek az elérhető nyitott hálózatokról | Bei verfügbaren offenen Netzwerken benachrichtigen -> Benachrichtigen, wenn ein offenes Netzwerk verfügbar ist | M’avertir lorsqu’un réseau ouvert est disponible -> Me notifier lorsqu'un réseau ouvert est disponible | Avisarme cuando haya una red abierta disponible -> Notificarme cuando haya una red abierta disponible	[settings-system.js]
SKIP	Airplane mode	Repülőgép üzemmód	SystemUI:status_bar_settings_airplane=Repülőgép üzemmód / SystemUI:quick_settings_airplane_mode_label=Repülőgép üzemmód	[global-actions.js jb-shade.js simulator.js]
Velvet:widget_name	Google Now	Google Now -> Google Asszisztens | = | Google Now -> Google Now | =	[simulator.js stock-apps.js]
Velvet:corpus_name_intent_maps	Maps	= | = | = | Maps -> Mapas	[simulator.js]
SKIP	Voice Search	Hangalapú keresés	Velvet:voice_search_app_name=Hangalapú keresés / Velvet:accessibility_voice_button=Hangalapú keresés	[simulator.js]
Music2:now_playing_queue_label	QUEUE	LEJÁTSZÁSI SOR -> VÁRÓLISTA | WIEDERGABELISTE -> Wiedergabeliste | = | =	[play-apps.js]
Music2:accessibility_thumbsDown	Thumbs down	Nem tetszik -> Leszavazás | Mag ich nicht -> Daumen runter | = | =	[play-apps.js]
Music2:top_menu_mainstage	Listen Now	Hallgassa most -> Zeneajánló | = | Écouter maintenant -> À écouter | =	[play-apps.js]
SKIP	My Library	Saját könyvtár	Books:side_drawer_my_library=Könyvtáram / Music2:top_menu_my_library=Saját könyvtár	[play-apps.js]
Videos:recommended	Recommended for You	Önnek ajánljuk -> Önnek ajánlott | Empfehlungen für Sie -> Empfehlungen für mich | = | Recomendaciones para ti -> Recomendaciones personalizadas	[kk-play.js play-apps.js]
SKIP	SHOP	VÁSÁRLÁS	Books:library_header_see_more_recommendations=ÁRUHÁZ / Music2:no_music_shop_button=ÜZLET	[play-apps.js]
Videos:tab_shows	My TV Shows	= | Meine Serien -> Meine TV-Sendungen | Mes séries TV -> Mes émissions télévisées | Mis series -> Mis programas de TV	[play-apps.js]
Books:menu_table_of_contents	Contents	Tartalomjegyzék -> Tartalom | Inhalt -> Inhaltsverzeichnis | = | Contenido -> Índice	[play-apps.js]
Books:library_header_see_all_books	SEE ALL	= | ALLE -> Alle ansehen | = | =	[play-apps.js]
SKIP	PLAY	JÁTÉK	PlayGames:games_play=JÁTÉK / PlayGames:games_dest_game_detail_banner_play_button=JÁTÉK	[play-apps.js]
PlayGames:games_achievement_list_title	Achievements	Eredmények -> Megszerezhető jutalmak | = | Succès -> Réussites | =	[play-apps.js]
SKIP	Welcome!	Üdvözöljük!	Books:welcome_title=Üdvözöljük! / PlayGames:games_warm_welcome_title=Üdvözöljük!	[play-apps.js]
PlayGames:games_warm_welcome_text	Discover new games by seeing what your friends are playing on Google Play Games.	Fedezzen fel új játékokat: nézze meg, mivel játszanak ismerősei a Google Play Játékokban. -> Fedezzen fel új játékokat azáltal, hogy megnézi, mivel játszanak ismerősei a Google Play Játékokban. | Entdecken Sie neue Spiele und sehen Sie, was Ihre Freunde bei Google Play Spiele spielen. -> Entdecken Sie neue Spiele, indem Sie sich ansehen, welche Spiele Ihre Freunde bei Google Play spielen. | Découvrez de nouveaux jeux en voyant à quoi jouent vos amis sur Google Play Jeux. -> Découvrez de nouveaux jeux en voyant ceux auxquels jouent vos amis sur Google Play Jeux. | Descubre juegos nuevos viendo a qué juegan tus amigos en Google Play Juegos. -> Observa a qué juegan tus amigos en Google Play Games para descubrir nuevos juegos.	[play-apps.js]
PlayGames:games_common_header_see_more	SEE MORE	TÖBB -> TOVÁBBIAK | MEHR -> Mehr | = | =	[kk-play.js play-apps.js]
Videos:tab_watch_now	Watch Now	Nézze most -> Megnézem | = | À regarder -> À voir | =	[play-apps.js]
Books:side_drawer_reading_now	Read Now	Olvassa most -> Olvasson most | = | Lire maintenant -> À lire | =	[kk-extra-apps.js play-apps.js]
PlayGames:games_dest_nav_drawer_home	Play Now	Játsszon most -> Játék indítása | = | Jouer maintenant -> Jouer | Jugar ahora -> Reproducir ahora	[play-apps.js]
Music2:search_section_header_artists	ARTISTS	= | KÜNSTLER -> Interpreten | = | =	[play-apps.js]
Music2:search_section_header_albums	ALBUMS	= | ALBEN -> Alben | = | =	[play-apps.js]
Music2:search_section_header_songs	SONGS	= | TITEL -> Titel | = | =	[play-apps.js]
PlayGames:games_dest_game_list_featured_tab	FEATURED	= | AUSGEWÄHLT -> Angesagt | = | =	[kk-play.js play-apps.js]
PlayGames:games_dest_game_list_popular_tab	POPULAR	= | BELIEBT -> Beliebt | = | =	[play-apps.js]
PlayGames:games_dest_game_list_popular_multiplayer_tab	POPULAR MULTIPLAYER	NÉPSZERŰ TÖBBJÁTÉKOS -> NÉPSZERŰ TÖBBSZEREPLŐS | BELIEBTE MEHRSPIELER -> Beliebte Multiplayer | MULTIJOUEUR POPULAIRES -> JEUX MULTIJOUEURS POPULAIRES | =	[play-apps.js]
SKIP	Recently played	Nemrég lejátszott	Music2:reason_recently_played=Legutóbb lejátszott / PlayGames:games_dest_player_detail_recently_played_header=Legutóbb lejátszott	[play-apps.js]
Music2:reason_recently_added	Recently added to My Library	Nemrég hozzáadva a könyvtárhoz -> Nemrég hozzáadva a Saját könyvtárhoz | Kürzlich zur Mediathek hinzugefügt -> Vor Kurzem zu "Meine Musik" hinzugefügt | Récemment ajouté à ma bibliothèque -> Ajouté récemment à ma biblio. | Añadido recientemente a mi biblioteca -> Añadido recientemente a Mi música	[play-apps.js]
Music2:recentlyadded	Last added	Legutóbb hozzáadott -> Utoljára hozzáadott | = | = | Añadidos recientemente -> Añadidas recientemente	[play-apps.js]
PlayGames:games_wide_tile_shopping_game_owned	PURCHASED	= | GEKAUFT -> Gekauft | = | =	[kk-play.js play-apps.js]
PlayGames:games_dest_game_detail_banner_install_button	FREE	= | KOSTENLOS -> Kostenlos | = | =	[kk-play.js play-apps.js simulator.js]
PlusOne:dream_best_photos_view_title	Highlights	= | = | Temps forts -> Sélection | Destacados -> Destacadas	[kk-play.js photos.js]
PlusOne:make_auto_awesome_movie	Create movie	Film készítése -> Film létrehozása | = | Créer un film -> Créer une vidéo | Crear película -> Crear vídeo	[photos.js]
Chrome:type_to_search	Search or type URL	Keresés vagy URL beírása -> Keressen, vagy írjon be egy URL-t | Suchbegriff oder URL eingeben -> Suchen oder URL eingeben | = | Buscar o escribir URL -> Buscar o escribir una URL	[chrome.js]
Chrome:sad_tab_reload_label	Reload	= | = | = | Volver a cargar -> Cargar de nuevo	[chrome.js]
Chrome:ntp_most_visited	Most visited	Leggyakrabban látogatott -> Leggyakoribb | = | = | Más visitados -> Más visitado	[chrome.js]
Chrome:ntp_incognito	Incognito	Inkognitó -> Inkognitómód | = | = | =	[chrome.js]
Chrome:menu_find_in_page	Find in page	Keresés az oldalon -> Keresés ezen az oldalon | Auf Seite suchen -> Suchen auf der Seite | Rechercher dans la page -> Chercher sur la page | =	[chrome.js]
Chrome:button_new_incognito_tab	New incognito tab	Új inkognitó lap -> Új inkognitólap | = | Nouvel onglet de navigation privée -> Nouv. onglet nav. privée | Nueva pestaña de incógnito -> Nueva pestaña incógnito	[chrome.js]
Chrome:menu_share_page	Share…	Megosztás… -> Megosztás... | Teilen… -> Teilen... | = | =	[chrome.js]
Chrome:menu_print	Print…	Nyomtatás… -> Nyomtatás... | Drucken… -> Drucken... | = | =	[chrome.js]
Chrome:menu_request_desktop_site	Request desktop site	= | Desktop-Version anfordern -> Desktop-Version | Version pour ordinateur -> Voir version ordinateur | Solicitar sitio de escritorio -> Ver como en un ordenador	[chrome.js]
Hangouts:new_huddle_label	New Hangout	Új Hangout -> Új Hangouts-beszélgetés | Neues Hangout -> Neuer Hangout | = | Nuevo Hangout -> Nueva conversación	[hangouts.js]
Hangouts:realtimechat_new_conversation_hint_text	Type a name, email, number, or circle	Írjon be nevet, e-mailt, számot vagy kört -> Írjon be egy nevet, e-mail címet, számot vagy kört | Name, E-Mail, Nummer oder Kreis eingeben -> Namen, E-Mail, Telefonnummer oder einen Kreis eingeben | Saisissez un nom, une adresse e-mail, un numéro ou un cercle -> Saisir un nom, un e-mail, un numéro ou un cercle | Escribe un nombre, correo, número o círculo -> Escribe un nombre, un correo, un número o un círculo	[hangouts.js]
SKIP	SMS	SMS	framework:serviceClassSMS=SMS / Velvet:sms_icon_desc=SMS	[hangouts.js simulator.js]
SKIP	Send an SMS message	SMS-üzenet küldése	Hangouts:realtimechat_message_text_hint_sms=SMS küldése / Hangouts:no_sms_conversations_text=SMS küldése	[hangouts.js]
Hangouts:share_location_activity_title	Share location	= | Standort teilen -> Standort freigeben | Partager la position -> Partager ma position | =	[hangouts.js]
Hangouts:posted_just_now	Just now	Az imént -> Most | = | = | Ahora -> Ahora mismo	[hangouts.js]
Hangouts:menu_mood_item	Set mood…	Hangulat beállítása… -> Hangulatbeállítás megadása… | = | = | =	[hangouts.js]
Hangouts:dnd_menu_item	Snooze notifications	Értesítések szüneteltetése -> Értesítések elhalasztása | Benachrichtigungen pausieren -> Benachrichtigungen deaktivieren | = | Silenciar notificaciones -> Detener notificaciones	[hangouts.js]
Hangouts:archived_conversations	Archived Hangouts	Archivált Hangoutok -> Archív Hangouts-beszélgetések | = | = | Hangouts archivados -> Conversaciones archivadas	[hangouts.js]
SKIP	Send feedback	Visszajelzés küldése	Hangouts:home_menu_feedback=Visszajelzés küldése / Hangouts:menu_send_feedback=Visszajelzés küldése	[hangouts.js]
Hangouts:menu_choose_from_gplus_album	Google+ albums	Google+ albumok -> Google+-albumok | = | = | =	[hangouts.js]
Velvet:view_in_calendar	View in Calendar	= | In Kalender ansehen -> Im Kalender ansehen | = | Ver en Calendario -> Ver en Calendar	[gel-now.js]
Velvet:first_use_intro_customize_button	Customize	Testreszabás -> Személyre szabás | = | = | =	[gel-now.js]
Books:main_activity_name	Play Books	= | Play Bücher -> Play Books | Play Livres -> Play Livres | Play Libros -> Play Books	[play-apps.js simulator.js]
PlayGames:games_app_launcher_name	Play Games	= | Play Spiele -> Play Games | Play Jeux -> Play Jeux | Play Juegos -> Play Games	[play-apps.js simulator.js]
Videos:application_name_with_tv	Play Movies & TV	Play Filmek -> Play Filmek és TV | Play Filme -> Play Movies & TV | Play Films -> Play Films et TV | Play Películas -> Play Movies	[play-apps.js simulator.js]
Music2:launcher_name	Play Music	= | Play Musik -> Play Music | Play Musique -> Play Musique | Play Música -> Play Music	[play-apps.js simulator.js]
Videos:application_name	Play Movies	Play Filmek -> Play-filmek | = | = | Play Films -> Play Movies	[]
Videos:long_app_name	Google Play Movies	= | = | Google Play Films -> Google Play Films | =	[]
SystemUI:quick_settings_remote_display_no_connection_label	Cast Screen	Képernyő átküldése -> Képernyő tartalmának átküldése | = | = | Enviar pantalla -> Pantalla de Cast	[jb-shade.js]
Settings:wallpaper_settings_fragment_title	Choose wallpaper from	= | = | Sélectionner fond d’écran dans -> Sélectionner fond d'écran dans | =	[simulator.js]
SKIP	Recent	Legutóbbiak	Books:library_header_recent=Legújabbak / Music2:recent_title=Legutóbbi / Music2:spinner_carousel=Legutóbbiak	[kk-wallpaper-picker.js play-apps.js]
Contacts:description_view_contact_detail	View contact	= | Kontakt ansehen -> Kontakt anzeigen | = | =	[kk-dialer.js]
framework:action_bar_up_description	Navigate up	Felfelé navigálás -> Felfele mozgás | Nach oben -> Nach oben navigieren | Revenir en haut de la page -> Parcourir vers le haut | =	[kk-dialer.js]
SystemUI:dessert_case	Dessert Case	= | Dessert Case -> Dessertbehälter | Dessert Case -> Vitrine des desserts | Dessert Case -> Caja para postres	[simulator.js]
SKIP	More	Egyebek	Velvet:load_more=Továbbiak / Velvet:agenda_show_more_button_text=Több	[gel-now.js]
Settings:screensaver_settings_summary_sleep	While charging	= | Beim Aufladen -> Während des Ladevorgangs | Pendant le chargement -> Pendant la charge | Mientras se carga -> Durante la carga	[settings-detail.js simulator.js]
Settings:screensaver_settings_summary_dock	While docked	Dokkolva -> Dokkolt állapotban | Im Dock -> Bei angedocktem Gerät | = | En la base -> Cuando el dispositivo esté conectado a una base	[settings-detail.js simulator.js]
Settings:screensaver_settings_summary_either_short	Either	Mindkettő -> Bármelyik | Beides -> Immer | Les deux -> Dans les deux cas | Ambos -> Ambos casos	[settings-detail.js simulator.js]
Settings:screensaver_settings_dream_start	Start now	= | = | Commencer maintenant -> Commencer | =	[simulator.js]
Settings:screensaver_settings_when_to_dream	When to daydream	Mikor induljon a Daydream -> Álmodozás ideje | Wann soll Daydream starten? -> Daydream starten | Quand activer l'écran de veille -> Quand activer | Cuándo activar Daydream -> Cuándo activarlo	[simulator.js]
Settings:screensaver_settings_disabled_prompt	To control what happens when the phone is docked and/or sleeping, turn Daydream on.	Kapcsolja be a Daydreamet, ha szabályozni szeretné, mi történjen, amikor a telefon dokkolva van és/vagy alvó állapotban van. -> Az Álmodozás bekapcsolásával beállíthatja, hogy mit csináljon a telefon dokkolt vagy alvó állapotban. | Aktivieren Sie Daydream, um festzulegen, was geschieht, wenn das Telefon angedockt ist oder sich im Ruhemodus befindet. -> Um festzulegen, was geschieht, wenn das Telefon angedockt oder im Ruhezustand ist, aktivieren Sie "Daydream". | Pour contrôler ce qui se passe lorsque le téléphone est sur sa station d'accueil ou en veille, activez l'écran de veille interactif. -> Pour contrôler le comportement du téléphone lorsqu'il se trouve sur une station d'accueil et/ou lorsqu'il est en veille, activez l'écran de veille interactif. | Para controlar lo que ocurre cuando el teléfono está en la base o en reposo, activa Daydream. -> Para controlar lo que ocurre cuando el teléfono está conectado o inactivo, debes activar el salvapantallas.	[simulator.js]
Settings:verify_applications_summary	Disallow or warn before installation of apps that may cause harm	Az esetlegesen kárt okozó alkalmazások telepítésének tiltása vagy figyelmeztetés előtte -> Tiltás vagy figyelmeztetés az olyan alkalmazások telepítése előtt, amelyek károsak lehetnek | Installation potenziell schädlicher Apps verbieten oder davor warnen -> Installation schädlicher Apps blockieren oder Warnung senden | Interdire ou signaler l'installation d'applications potentiellement dangereuses -> Ne pas autoriser l'installation d'applications potentiellement dangereuses ou afficher un avertissement | No permitir o advertir antes de instalar aplicaciones que puedan ser dañinas -> No permitir la instalación de aplicaciones que puedan provocar daños o mostrar una advertencia antes de instalarlas	[settings-system.js]
DeskClockGoogle:menu_stopwatch	Stopwatch	Stopper -> Stopperóra | = | = | =	[jb-deskclock.js simulator.js]
DeskClockGoogle:timer_times_up	Time's up	Lejárt az idő -> Az idő lejárt! | Die Zeit ist abgelaufen -> Zeit ist abgelaufen. | Temps écoulé -> Le temps est écoulé. | Se acabó el tiempo -> Tiempo agotado	[jb-deskclock.js simulator.js]
DeskClockGoogle:timer_plus_one	Add 1 Minute	= | = | Ajouter 1 minute -> Ajouter 1 minute | =	[jb-deskclock.js]
DeskClockGoogle:sw_lap_button	Lap	= | = | Tour -> Intervalle | Vuelta -> Añadir vuelta	[jb-deskclock.js]
SKIP	Reset	Visszaállítás	DeskClockGoogle:sw_reset_button=Alaphelyzet / DeskClockGoogle:timer_reset=Visszaállítás / GalleryGoogle:reset_effect=Visszaállítás / framework:reset=Alaphelyzet	[jb-deskclock.js jb-gallery.js]
SKIP	Start	Indítás	DeskClockGoogle:sw_start_button=Indítás / DeskClockGoogle:timer_start=Kezdés	[jb-deskclock.js]
DeskClockGoogle:sw_stop_button	Stop	= | Beenden -> Anhalten | = | =	[jb-deskclock.js]
framework:keyguard_accessibility_slide_area	Slide area.	Csúsztatási terület. -> Csúsztatási terület | Schiebebereich -> Bereich für Fingerbewegung | Zone de glissement -> Zone où faire glisser votre doigt sur l'écran | =	[jb-keyguard.js]
SKIP	Me	Én	framework:me=Saját / SystemUI:quick_settings_user_label=Én	[jb-shade.js]
SystemUI:quick_settings_wifi_off_label	Wi-Fi Off	Wi-Fi ki -> Wi-Fi kikapcsolva | = | = | Wi-Fi desactivada -> Wi-Fi desactivado	[jb-shade.js]
SystemUI:quick_settings_bluetooth_off_label	Bluetooth Off	Bluetooth ki -> Bluetooth kikapcsolva | = | = | =	[jb-shade.js]
SystemUI:accessibility_clear_all	Clear all notifications.	Összes értesítés törlése. -> Minden értesítés törlése | Alle Benachrichtigungen löschen. -> Alle Benachrichtigungen löschen | Effacer toutes les notifications. -> Supprimer toutes les notifications | Borrar todas las notificaciones. -> Borrar todas las notificaciones	[jb-shade.js]
SystemUI:accessibility_desc_quick_settings	Quick settings.	= | Schnelleinstellungen. -> Schnelleinstellungen | Réglages rapides. -> Paramètres rapides | Ajustes rápidos. -> Ajustes rápidos	[jb-shade.js simulator.js]
SystemUI:accessibility_notifications_button	Notifications.	Értesítések. -> Értesítések | Benachrichtigungen. -> Benachrichtigungen | Notifications. -> Notifications | Notificaciones. -> Notificaciones	[jb-shade.js simulator.js]
SKIP	AUTO	AUTO	GoogleCamera:pref_camera_whitebalance_label_auto=AUTOMATIKUS / SystemUI:status_bar_settings_auto_brightness_label=AUTO / SystemUI:quick_settings_brightness_dialog_auto_brightness_label=automatikus	[jb-camera.js simulator.js]
Settings:show_dev_on	You are now a developer!	Mostantól fejlesztő vagy! -> Ön mostantól már fejlesztő! | Sie sind jetzt Entwickler! -> Sie sind jetzt ein Entwickler! | Vous êtes désormais un développeur ! -> Vous êtes désormais un développeur ! | ¡Ahora eres un desarrollador! -> ¡Ahora están activadas las opciones de desarrollo!	[simulator.js]
Settings:show_dev_already	No need, you are already a developer.	Nincs rá szükség, már fejlesztő vagy. -> Nincs rá szükség, Ön már fejlesztő. | Nicht nötig, Sie sind bereits Entwickler. -> Okay, sind Sie bereits ein Entwickler. | = | No es necesario, ya eres un desarrollador. -> No es necesario, están activadas las opciones de desarrollo.	[simulator.js]
CalendarGoogle:repeats_label	Repetition	Ismétlődés -> Ismétlés | = | Répétition -> Fréquence | =	[calendar.js]
CalendarGoogle:does_not_repeat	One-time event	= | = | Événement unique -> Événement ponctuel | =	[calendar.js]
CalendarGoogle:every_weekday	Every weekday (Mon–Fri)	Minden hétköznap (H–P) -> Minden hétköznap (hétfő–péntek) | Jeden Werktag (Mo.–Fr.) -> Jeden Werktag (Mo. - Fr.) | Tous les jours ouvrés (lun.–ven.) -> Jours ouvrés (lun–ven) | Todos los días laborables (lun–vie) -> Cada día laborable (lunes-viernes)	[calendar.js]
CalendarGoogle:modify_event	Change only this event	Csak ennek az eseménynek a módosítása -> Csak a jelen esemény módosítása | = | = | =	[calendar.js]
CalendarGoogle:modify_all_following	Change this and all future events	Ennek és minden későbbi eseménynek a módosítása -> A jelen és az összes jövőbeli esemény módosítása | = | Modifier cet événement et les suivants -> Modifier cet événement et tous les suivants | Cambiar este y todos los eventos futuros -> Cambiar este y todos los eventos posteriores	[calendar.js]
CalendarGoogle:modify_all	Change all events in the series	= | Alle Termine der Serie ändern -> Alle Termine in dieser Serie ändern | = | =	[calendar.js]
CalendarGoogle:delete_this_event_title	Delete this event?	Törli ezt az eseményt? -> Törli az eseményt? | = | Supprimer cet événement ? -> Supprimer cet événement ? | =	[calendar.js]
Settings:window_animation_scale_title	Window animation scale	Ablakanimáció léptéke -> Ablakanimáció mérete | = | = | Escala de animación de ventana -> Escala de animación ventana	[jb-devopts.js settings-detail.js]
Settings:transition_animation_scale_title	Transition animation scale	Áttűnési animáció léptéke -> Áttűnési animáció mérete | = | Échelle animation transitions -> Échelle anim. transitions | Escala de animación de transición -> Escala de transición-animación	[jb-devopts.js settings-detail.js]
CalendarGoogle:gadget_no_events	No upcoming calendar events	Nincsenek közelgő naptáresemények -> Nincsenek közelgő események a naptárban | = | = | No hay eventos próximos -> No hay futuros eventos en el calendario.	[widgets.js]
SKIP	Shop	Bolt	Books:menu_shop=Bolt / Music2:top_menu_shop=Vásárlás / Music2:tutorial_shop=Vásárlás / PlayGames:games_dest_nav_drawer_play_store=Áruház / Videos:menu_shop=Vásárlás	[play-apps.js]
Settings:tether_settings_title_all	Tethering & portable hotspot	Internetmegosztás és hordozható hotspot -> Megosztás és hord. csatl. pont | = | Partage de connexion et point d’accès mobile -> Partage de connexion | Anclaje de red y zona Wi-Fi portátil -> Anclaje a red y zona Wi-Fi	[settings-system.js simulator.js]
SKIP	Allow data exchange when the phone touches another device	Adatcsere engedélyezése másik készülékhez érintve	Settings:nfc_quick_toggle_summary=Lehetővé teszi az adatok cseréjét, ha a telefon érintkezik egy másik készülékkel / Settings:restriction_nfc_enable_summary=Lehetővé teszi az adatcserét, ha a telefon érintkezik egy másik készülékkel.	[simulator.js]
Settings:android_beam_settings_title	Android Beam	= | = | Android Beam -> Android Beam | =	[simulator.js]
Settings:android_beam_on_summary	Ready to transmit app content via NFC	Alkalmazástartalom NFC-n keresztüli átvitelére kész -> Készen áll az alkalmazási tartalmak továbbítására kis hatósugarú vezeték nélküli kommunikáció segítségével | Bereit zum Übertragen von App-Inhalten über NFC -> Bereit zur Übertragung von App-Inhalten über NFC | Prêt à transmettre le contenu des applications via NFC -> Prêt à partager le contenu de l'application via NFC | Listo para transmitir contenido de aplicaciones mediante NFC -> Listo para compartir contenido de aplicaciones por NFC	[simulator.js]
Settings:roaming	Data roaming	Adatroaming -> Adatbarangolás | Datenroaming -> Daten-Roaming | = | =	[settings-system.js]
SKIP	Off	Ki	Velvet:prefSummary_ttsModeOff=Ki / LatinImeGoogle:voice_input_modes_off=Ki / Velvet:not_sharing_commutes=Kikapcsolva	[jb-camera.js jb-devopts.js music.js settings-detail.js simulator.js]
SKIP	On	Be	Velvet:prefSummary_ttsModeOn=Be / Settings:accessibility_feature_state_on=be / Velvet:is_sharing_commutes=Bekapcsolva	[settings-detail.js simulator.js]
framework:silent_mode	Silent mode	Néma mód -> Néma üzemmód | Lautlos -> Lautlos-Modus | = | =	[settings-detail.js]
Settings:all_volume_title	Volumes	Hangerők -> Hangerő | Lautstärken -> Lautstärke | Volumes -> Volume | Volúmenes -> Volumen	[settings-detail.js simulator.js]
framework:permgrouplab_wallpaper	Wallpaper	= | Hintergrundbild -> Hintergrund | Fond d’écran -> Fond d'écran | =	[settings-detail.js]
Settings:accelerometer_title	Auto-rotate screen	Képernyő automatikus forgatása -> Automatikus képernyőforgatás | Bildschirm automatisch drehen -> Display automatisch drehen | Rotation automatique de l’écran -> Rotation auto de l'écran | =	[settings-detail.js simulator.js]
Settings:screen_timeout	Sleep	= | = | = | Suspensión -> Suspender después de	[settings-detail.js simulator.js]
Phonesky:my_apps_tab_installed	Installed	= | = | Installé -> Applications installées | Instalado -> Instaladas	[kk-play.js play-store.js]
Settings:date_time_auto	Automatic date & time	= | Automatisches Datum & Uhrzeit -> Autom. Datum/Uhrzeit | Date et heure automatiques -> Date/Heure automatique | =	[settings-system.js]
SKIP	Time	Idő	DeskClockGoogle:time=Időpont / Settings:time_picker_title=Idő	[desk-clock.js kk-deskclock.js settings-system.js]
Settings:device_status_summary	Phone number, signal, etc.	Telefonszám, térerő stb. -> Telefonszám, jel stb. | = | = | =	[simulator.js]
SKIP	Unknown	Ismeretlen	Bluetooth:unknownNumber=Ismeretlen / GalleryGoogle:unknown=Ismeretlen / PackageInstaller:unknown=Ismeretlen / Velvet:flight_status_unknown=Ismeretlen	[jb-gallery.js simulator.js]
Settings:wifi_signal	Signal strength	= | = | = | Intensidad de señal -> Intensidad de la señal	[simulator.js]
Settings:battery_level_title	Battery level	Akkumulátor töltöttsége -> Akkumulátorszint | Akkustand -> Akkuladung | Niveau de batterie -> Niveau de la batterie | =	[simulator.js]
Settings:firmware_version	Android version	Android-verzió -> Android verziója | = | Version d’Android -> Version d'Android | =	[simulator.js]
Settings:baseband_version	Baseband version	= | = | = | Versión de banda base -> Versión de la banda base	[simulator.js]
Settings:kernel_version	Kernel version	Kernelverzió -> Kernel verziója | = | = | =	[simulator.js]
Settings:build_number	Build number	Buildszám -> Build-szám | = | = | =	[simulator.js]
EmailGoogle:forward	Forward	Előre -> Továbbítás | Vorwärts -> Weiterleiten | Suivant -> Transférer | Adelante -> Reenviar	[chrome.js kk-email.js simulator.js]
SKIP	Call	Hívás	Velvet:call_icon_desc=Hívás / Velvet:action_local_call=Hívás	[hangouts.js kk-dialer.js phone-call.js simulator.js]
TeleService:card_title_call_ended	Call ended	Hívás befejezve -> A hívás befejeződött | = | Appel terminé -> Fin de l'appel | =	[simulator.js]
SKIP	Set wallpaper	Beállítás háttérképként	GalleryGoogle:set_wallpaper=Háttérkép beállítása / LiveWallpapersPicker:set_live_wallpaper=Háttérkép kiválasztása / Velvet:wallpaper_instructions=Háttérkép beállítása	[kk-wallpaper-picker.js media.js simulator.js]
SKIP	Delete	Törlés	Velvet:app_history_delete_positive_confirmation=Törlés / GalleryGoogle:delete=Törlés / LatinImeGoogle:spoken_description_delete=Törlés / Keyguard:keyboardview_keycode_delete=Delete	[calendar.js desk-clock.js email.js hangouts.js jb-deskclock.js jb-gallery.js jb-keyguard.js kk-dialer.js kk-email.js kk-wallpaper-picker.js lockscreen.js media.js photos.js settings-system.js simulator.js stock-apps.js]
Hangouts:menu_take_camera_photo	Take photo	Fénykép készítése -> Fotó készítése | Foto aufnehmen -> Foto machen | = | Tomar foto -> Hacer una foto	[hangouts.js media.js]
Velvet:action_event_done	Event saved	Esemény mentve -> Az esemény mentve | = | = | =	[simulator.js]
SKIP	Alarms	Ébresztések	DeskClockGoogle:button_alarms=Ébresztések / Settings:volume_alarm_description=Ébresztés	[desk-clock.js settings-detail.js]
DeskClockGoogle:set_alarm	Set alarm	= | Wecker stellen -> Wecker einstellen | Régler l’alarme -> Régler l'alarme | Configurar alarma -> Establecer alarma	[desk-clock.js]
Velvet:action_alarm_done	Alarm set	Ébresztés beállítva -> Ébresztő beállítva | = | Alarme réglée -> Alarme activée | Alarma configurada -> Alarma establecida	[simulator.js]
DeskClockGoogle:add_alarm	Add alarm	= | = | Ajouter une alarme -> Ajouter alarme | =	[desk-clock.js kk-deskclock.js]
SKIP	Play	Lejátszás	Books:menu_mo_play=Lejátszás / Music2:play_selection=Lejátszás / Music2:accessibility_play=Lejátszás / PlayGames:games_wide_tile_invitation_play=Játék / Videos:play=Lejátszás / Velvet:play=Lejátszás	[music.js play-apps.js simulator.js widgets.js]
SKIP	Pause	Szünet	Books:menu_mo_pause=Szüneteltetés / Books:upload_pause=Szünet / LatinImeGoogle:label_pause_key=Állj / Music2:accessibility_pause=Szünet	[music.js play-apps.js simulator.js widgets.js]
SKIP	Sent	Elküldött	EmailGoogle:mailbox_name_display_sent=Elküldve / Gmail2:label_sent=Elküldve	[email.js gmail.js kk-email.js simulator.js]
framework:kg_wrong_pattern	Wrong Pattern	= | = | Schéma incorrect -> Schéma incorrect. | Patrón incorrecto -> El patrón es incorrecto	[jb-keyguard.js]
framework:kg_wrong_pin	Wrong PIN	Helytelen PIN-kód -> Helytelen PIN kód | = | Code PIN incorrect -> Code PIN incorrect. | =	[jb-keyguard.js]
framework:kg_wrong_password	Wrong Password	= | = | Mot de passe incorrect -> Mot de passe incorrect. | =	[jb-keyguard.js]
framework:keyguard_accessibility_expand_lock_area	Expand unlock area.	Feloldási terület kibontása. -> A feloldási terület kiterjesztése. | Entsperrbereich maximieren. -> Entsperr-Bereich maximieren | Développer la zone de déverrouillage. -> Développer la zone de déverrouillage | Ampliar área de desbloqueo. -> Ampliar área de desbloqueo	[jb-keyguard.js]
framework:keyguard_accessibility_pattern_unlock	Pattern unlock.	Feloldás mintával. -> Feloldás mintával | Entsperrung mit Muster. -> Entsperrung mit Muster | Déverrouillage par schéma. -> Déverrouillage par schéma | Desbloqueo por patrón. -> Desbloqueo por patrón	[jb-keyguard.js]
framework:keyguard_accessibility_password_unlock	Password unlock.	Feloldás jelszóval. -> Feloldás jelszóval | Entsperrung mit Passwort. -> Entsperrung mit Passwort | Déverrouillage par mot de passe. -> Déverrouillage par mot de passe | Desbloqueo por contraseña. -> Desbloqueo por contraseña	[jb-keyguard.js]
framework:keyguard_accessibility_pattern_area	Pattern area.	Mintaterület. -> Mintaterület | = | = | =	[jb-keyguard.js]
framework:keyboardview_keycode_enter	Enter	= | Eingabe -> Eingabetaste | = | =	[jb-keyguard.js lockscreen.js simulator.js]
GoogleCamera:pref_exposure_label	EXPOSURE	= | BELICHTUNG -> Belichtung | = | =	[jb-camera.js]
GoogleCamera:camera_menu_more_label	MORE OPTIONS	= | WEITERE OPTIONEN -> Weitere Optionen | PLUS D’OPTIONS -> AUTRES OPTIONS | =	[jb-camera.js]
GoogleCamera:pref_camera_flashmode_label	FLASH MODE	= | BLITZMODUS -> Blitzmodus | = | =	[jb-camera.js]
GoogleCamera:pref_camera_flashmode_label_off	FLASH OFF	VAKU KI -> VAKU KIKAPCSOLVA | BLITZ AUS -> Blitz aus | = | =	[jb-camera.js]
GoogleCamera:pref_camera_flashmode_label_auto	FLASH AUTO	= | AUTOM. BLITZ -> Automatischer Blitz | FLASH AUTO -> FLASH AUTOMATIQUE | =	[jb-camera.js]
GoogleCamera:pref_camera_flashmode_label_on	FLASH ON	VAKU BE -> VAKU BEKAPCSOLVA | BLITZ AN -> Blitz an | = | =	[jb-camera.js]
GoogleCamera:pref_camera_whitebalance_label	WHITE BALANCE	= | WEISSABGLEICH -> Weißabgleich | = | =	[jb-camera.js]
GoogleCamera:pref_camera_whitebalance_label_incandescent	INCANDESCENT	= | GLÜHLAMPE -> Glühlampenlicht | = | =	[jb-camera.js]
GoogleCamera:pref_camera_whitebalance_label_fluorescent	FLUORESCENT	= | NEONLICHT -> Neonlicht | = | =	[jb-camera.js]
GoogleCamera:pref_camera_whitebalance_label_daylight	DAYLIGHT	= | TAGESLICHT -> Tageslicht | = | LUZ DE DÍA -> LUZ NATURAL	[jb-camera.js]
GoogleCamera:pref_camera_whitebalance_label_cloudy	CLOUDY	= | BEWÖLKT -> Bewölkt | = | =	[jb-camera.js]
GoogleCamera:pref_camera_scenemode_label_action	ACTION	AKCIÓ -> MOZGÁSBAN | ACTION -> Bewegung | = | =	[jb-camera.js]
GoogleCamera:pref_camera_scenemode_label_night	NIGHT	= | NACHT -> Nachtaufnahme | = | =	[jb-camera.js]
GoogleCamera:pref_camera_scenemode_label_auto	NONE	= | KEINE -> Ohne | = | =	[jb-camera.js]
GoogleCamera:pref_camera_scenemode_label_sunset	SUNSET	NAPLEMENTE -> NAPNYUGTA | SONNENUNTERGANG -> Sonnenuntergang | = | PUESTA DE SOL -> ATARDECER	[jb-camera.js]
GoogleCamera:pref_camera_scenemode_label_party	PARTY	PARTI -> BULI | PARTY -> Party | SOIRÉE -> FÊTE | =	[jb-camera.js]
GoogleCamera:pref_camera_id_label_back	FRONT CAMERA	ELŐLAPI KAMERA -> ELÜLSŐ KAMERA | FRONTKAMERA -> Kamera auf der Vorderseite | CAMÉRA AVANT -> CAMÉRA FRONTALE | =	[jb-camera.js]
GoogleCamera:pref_camera_id_label_front	BACK CAMERA	HÁTLAPI KAMERA -> HÁTSÓ KAMERA | RÜCKKAMERA -> Kamera auf der Rückseite | = | =	[jb-camera.js]
GoogleCamera:pref_camera_location_label	LOCATION	= | STANDORT -> Standort | POSITION -> LIEU | =	[jb-camera.js]
GoogleCamera:count_down_title_text	Counting down to take a photo	Visszaszámlálás a fotó elkészítéséig -> Visszaszámlálás a fényképezésig | Countdown bis zur Aufnahme -> Countdown für Fotoaufnahme | = | Cuenta atrás para hacer la foto -> Cuenta atrás para hacer una foto	[jb-camera.js]
GoogleCamera:set_duration	Set duration in seconds	Időtartam beállítása másodpercben -> Időtartam megadása másodpercben | = | = | Establecer duración en segundos -> Define la duración en segundos	[jb-camera.js]
GoogleCamera:pref_camera_timer_sound_title	Beep during countdown	Hangjelzés visszaszámláláskor -> Hangjelzéssel | Signalton beim Countdown -> Piepton bei Countdown | Bip pendant le compte à rebours -> Compte à rebours sonore | Pitido durante la cuenta atrás -> Sonar en cuenta atrás	[jb-camera.js]
GoogleCamera:pref_camera_timer_title	Countdown timer	Visszaszámláló időzítő -> Visszaszámlálás-időzítő | = | Compte à rebours -> Retardateur | Temporizador -> Temporizador de cuenta atrás	[jb-camera.js]
GalleryGoogle:pref_camera_picturesize_title	Picture size	= | = | Taille d’image -> Taille d'image | Tamaño de imagen -> Tamaño imagen	[jb-camera.js]
GoogleCamera:pref_camera_picturesize_entry_5mp	5M pixels	= | 5 Megapixel -> 5 MP | 5 mégapixels -> 5 mégapixels | 5 megapíxeles -> 5 MP	[jb-camera.js]
GoogleCamera:pref_camera_picturesize_entry_3mp	3M pixels	= | 3 Megapixel -> 3 MP | 3 mégapixels -> 3 mégapixels | 3 megapíxeles -> 3 MP	[jb-camera.js]
GoogleCamera:pref_camera_picturesize_entry_2mp	2M pixels	= | 2 Megapixel -> 2 MP | 2 mégapixels -> 2 mégapixels | 2 megapíxeles -> 2 MP	[jb-camera.js]
GoogleCamera:pref_camera_picturesize_entry_1_3mp	1.3M pixels	= | 1,3 Megapixel -> 1,3 MP | 1,3 mégapixel -> 1,3 mégapixel | 1,3 megapíxeles -> 1,3 MP	[jb-camera.js]
GoogleCamera:pref_camera_picturesize_entry_1mp	1M pixels	= | 1 Megapixel -> 1 MP | 1 mégapixel -> 1 mégapixel | 1 megapíxel -> 1 MP	[jb-camera.js]
GoogleCamera:accessibility_menu_button	Menu button	Menü gomb -> Menügomb | = | Bouton de menu -> Bouton "Menu" | =	[jb-camera.js]
GoogleCamera:accessibility_mode_picker	Camera, video, or panorama selector	Kamera, videó vagy panoráma választó -> Kamera, videó vagy panoráma kiválasztása | Kamera-, Video- oder Panoramaauswahl -> Auswahl: Kamera, Video oder Panorama | Sélecteur photo, vidéo ou panorama -> Sélecteur du mode Appareil photo, Vidéo ou Panoramique | Selector de cámara, vídeo o panorámica -> Cámara, vídeo o modo panorámico	[jb-camera.js]
GoogleCamera:accessibility_switch_to_camera	Switch to photo	= | Zu Foto wechseln -> Zu Kamera wechseln | Passer en mode photo -> Passer en mode Appareil photo | Cambiar a foto -> Cambiar a la cámara	[jb-camera.js]
GoogleCamera:accessibility_switch_to_video	Switch to video	= | = | Passer en mode vidéo -> Passer en mode Vidéo | =	[jb-camera.js]
GoogleCamera:accessibility_switch_to_panorama	Switch to panorama	Váltás panorámára -> Váltás panoráma módra | = | Passer en mode panorama -> Passer en mode Panoramique | Cambiar a panorámica -> Cambiar a modo panorámico	[jb-camera.js]
SKIP	Grid view	Rácsnézet	DocumentsUI:menu_grid=Rács / GalleryGoogle:switch_photo_grid=Rácsnézet	[jb-gallery.js kk-downloads.js]
GalleryGoogle:switch_photo_filmstrip	Filmstrip view	= | Filmstreifenansicht -> Filmstreifen-Ansicht | Vue pellicule -> Pellicule | =	[jb-gallery.js]
GalleryGoogle:times	Times	Időpontok -> Alkalom | = | Dates -> Heures | Fechas -> Fecha	[jb-gallery.js]
GalleryGoogle:no_location	No location	Nincs hely -> Nincs helyadat | Kein Ort -> Kein Aufnahmeort | = | =	[jb-gallery.js]
GalleryGoogle:untagged	Untagged	Címke nélkül -> Címke nélküli | Ohne Tags -> Nicht getaggt | Sans tag -> Aucun tag | Sin etiquetar -> Sin etiquetas	[jb-gallery.js]
GalleryGoogle:deleted	Deleted	= | = | Supprimé -> Supprimée | Eliminado -> Eliminada	[jb-gallery.js]
GalleryGoogle:undo	UNDO	= | RÜCKGÄNGIG -> Rückgängig | = | =	[jb-gallery.js]
GalleryGoogle:switch_to_camera	Switch to Camera	= | Zur Kamera wechseln -> Zu Kamera wechseln | Passer à l’appareil photo -> Passer en mode Appareil photo | Cambiar a cámara -> Cambiar a la cámara	[jb-gallery.js]
GalleryGoogle:select_album	Select album	= | = | Sélectionner l’album -> Sélectionner album | =	[jb-gallery.js]
GalleryGoogle:select_item	Select item	= | Element auswählen -> Bild auswählen | Sélectionner l’élément -> Sélectionner élément | =	[jb-gallery.js]
GalleryGoogle:group_by	Group by	= | = | Grouper par -> Regrouper par | =	[jb-gallery.js]
GalleryGoogle:crop	Crop	Vágás -> Körülvágás | = | Recadrer -> Rogner | =	[jb-gallery.js]
GalleryGoogle:set_image	Set picture as	Kép beállítása mint -> Kép beállítása, mint | = | Utiliser l’image comme -> Utiliser l'image comme | Establecer imagen como -> Establecer como...	[jb-gallery.js]
GalleryGoogle:filtershow_undo	Undo	= | Rückgängig -> Rückgängig machen | = | =	[jb-gallery.js]
GalleryGoogle:filtershow_redo	Redo	Újra -> Ismétlés | = | = | =	[jb-gallery.js]
GalleryGoogle:borders	Borders	Keretek -> Szegélyek | = | Bordures -> Contours | Bordes -> Margen	[jb-gallery.js]
GalleryGoogle:wbalance	Autocolor	Automatikus szín -> Automat. szín | = | Couleur auto -> Coloration auto | =	[jb-gallery.js]
SKIP	Vignette	Vignetta	GalleryGoogle:vignette=Vignetta / GalleryGoogle:vignette_main=Vignettálás	[jb-gallery.js]
SKIP	Hue	Színárnyalat	GalleryGoogle:hue=Színárnyalat / framework:webviewchromium_color_picker_hue=Színárnyalat	[jb-gallery.js]
GalleryGoogle:mirror	Mirror	= | = | = | Reflejar -> Espejo	[jb-gallery.js]
SKIP	Original	Eredeti	GalleryGoogle:state_panel_original=Eredeti / GalleryGoogle:ffx_original=Eredeti / GalleryGoogle:filtershow_version_original=Eredeti	[media.js]
GalleryGoogle:ffx_punch	Punch	Erőteljes -> Kivágás | Kräftig -> Punch | Punch -> Intense | Intenso -> Punch	[media.js]
GalleryGoogle:ffx_vintage	Vintage	Régies -> Szépia | = | = | =	[media.js]
GalleryGoogle:ffx_bw_contrast	B/W	FF -> Fekete-fehér | S/W -> Schwarzweiß | N&B -> Noir et blanc | =	[media.js]
GalleryGoogle:ffx_bleach	Bleach	Fakított -> Fehérítő | Gebleicht -> Bleach | Décoloré -> Décoloration | Desteñido -> Decolorar	[media.js]
GalleryGoogle:ffx_instant	Instant	Instant -> Azonnali | Sofortbild -> Instant | = | Instantánea -> Instant	[media.js]
GalleryGoogle:ffx_washout_color	Litho	Litó -> Litho | = | Litho -> Lithographie | Lito -> Litho	[media.js]
GalleryGoogle:ffx_x_process	X Process	X-folyamat -> X folyamat | Crossentwicklung -> X Process | Traitement croisé -> Rayons X | =	[media.js]
GalleryGoogle:unsaved	There are unsaved changes to this image.	A képen nem mentett módosítások vannak. -> Nem mentett módosítások vannak a képen. | Dieses Bild enthält nicht gespeicherte Änderungen. -> Dieses Bild weist nicht gespeicherte Änderungen auf. | Cette image comporte des modifications non enregistrées. -> Certaines modifications apportées à l'image n'ont pas été enregistrées. | =	[jb-gallery.js]
GalleryGoogle:save_before_exit	Do you want to save before exiting?	Mentsük kilépés előtt? -> Szeretne menteni a kilépés előtt? | Vor dem Beenden speichern? -> Möchten Sie vor dem Schließen speichern? | Voulez-vous enregistrer avant de quitter ? -> Souhaitez-vous enregistrer les modifications avant de fermer le programme ? | =	[jb-gallery.js]
GalleryGoogle:save_and_exit	Save and Exit	= | Speichern und beenden -> Speichern und schließen | = | =	[jb-gallery.js]
GalleryGoogle:exit	Exit	= | Beenden -> Schließen | = | =	[jb-gallery.js]
GalleryGoogle:no_albums_alert	No albums available.	Nincsenek elérhető albumok. -> Nincs elérhető album. | Keine Alben verfügbar. -> Keine Alben verfügbar | = | =	[jb-gallery.js]
SystemUI:status_bar_recent_remove_item_title	Remove from list	Eltávolítás a listáról -> Eltávolítás a listából | = | = | =	[jb-recents.js]
Settings:local_backup_password_title	Desktop backup password	Asztali biztonsági mentés jelszava -> Asztali mentés jelszava | Passwort für Desktop-Sicherung -> Desktop-Sicherungspasswort | Mot de passe de sauvegarde ordinateur -> Mot de passe sauvegarde PC | Contraseña de copia de ordenador -> Contraseña para copias de ordenador	[jb-devopts.js]
Settings:hdcp_checking_title	HDCP checking	HDCP-ellenőrzés -> HDCP ellenőrzés | = | = | Comprobación HDCP -> Comprobación de HDCP	[jb-devopts.js]
Settings:enforce_read_external_title	Protect USB storage	USB-tár védelme -> USB-tár védetté tétele | = | Protéger la mémoire USB -> Protéger mémoire de stockage USB | =	[jb-devopts.js]
Settings:enforce_read_external_summary	Apps must request permission to read USB storage	Az alkalmazásoknak engedélyt kell kérniük az USB-tár olvasásához -> Alkalmazások kérjenek engedélyt az USB-n lévő adatok olvasására | Apps müssen eine Berechtigung zum Lesen des USB-Speichers anfordern -> Apps benötigen die Berechtigung zum Lesen des USB-Speichers | Les applications doivent demander l’autorisation de lire la mémoire USB -> Les applis doivent demander l'autorisation pour lire la mémoire. | =	[jb-devopts.js]
Settings:clear_adb_keys	Revoke USB debugging authorizations	USB-hibakeresési engedélyek visszavonása -> USB-s hibakeresésre vonatkozó engedélyek visszavonása | USB-Debugging-Autorisierungen aufheben -> Autorisierungen für USB-Debugging aufheben | Révoquer les autorisations de débogage USB -> Annuler autorisations pour débog. USB | Revocar autorizaciones de depuración USB -> Revocar autorizaciones depur. USB	[jb-devopts.js]
Settings:bugreport_in_power	Power menu bug reports	Hibajelentések a kikapcsolás menüben -> Hibajelentések az energiaellátási menüben | Fehlerberichte im Ein/Aus-Menü -> Fehlerberichte im Menü "Ein/Aus" | Rapports de bug dans le menu Marche/Arrêt -> Rapports de bug menu démarra. | Informes de errores en menú de apagado -> Informe de error menú encendido	[jb-devopts.js]
Settings:bugreport_in_power_summary	Include option in power menu for taking a bug report	Hibajelentés-készítési lehetőség a kikapcsolás menüben -> Lehetőség az energiaellátási menüben a hibajelentésekre | Option für Fehlerbericht in das Ein/Aus-Menü aufnehmen -> Fügt die Option für den Fehlerbericht im Menü "Ein/Aus" hinzu | Ajouter une option de rapport de bug au menu Marche/Arrêt -> Inclure une option permettant d'établir un rapport de bug dans le menu de démarrage | Incluir opción para crear informes de errores en el menú de apagado -> Incluir opción en el menú de encendido para generar un informe de error	[jb-devopts.js]
Settings:debug_app	Select debug app	Hibakereső alkalmazás kiválasztása -> Válassza az alkalmazás hibakeresése lehetőséget | Debug-App auswählen -> Debugging-App festlegen | Sélectionner l’application à déboguer -> Sélectionner une application à déboguer | Seleccionar aplicación de depuración -> Aplicación para depurar	[jb-devopts.js]
Settings:debug_app_not_set	No debug application set	Nincs beállítva hibakereső alkalmazás -> Nincs beállítva alkalmazás hibakereséshez | Keine Debug-App festgelegt -> Keine Debugging-App festgelegt | = | No hay ninguna aplicación de depuración -> Aplicación de depuración no configurada	[jb-devopts.js]
Settings:wait_for_debugger	Wait for debugger	Várakozás a hibakeresőre -> Várjon a hibakeresőre. | = | Attendre l’intervention du débogueur -> Attendre l'intervention du débogueur | =	[jb-devopts.js]
Settings:wait_for_debugger_summary	Debugged application waits for debugger to attach before executing	A hibakeresett alkalmazás a hibakereső csatlakozására vár -> A javított alkalmazás a hibakeresőre vár. | Die App wartet vor der Ausführung auf den Debugger -> App wartet vor der Ausführung auf den Start des Debuggers | L’application attend le débogueur avant de s’exécuter -> Avant de s'exécuter, l'application déboguée doit attendre que le débogueur soit attaché. | La aplicación espera al depurador antes de ejecutarse -> La aplicación de depuración espera a que se conecte el depurador para ejecutarse	[jb-devopts.js]
Settings:verify_apps_over_usb_title	Verify apps over USB	Alkalmazások ellenőrzése USB-n -> USB-n keresztül telepített alkalmazások ellenőrzése | = | Vérifier les applications via USB -> Vérifier les applis via USB | =	[jb-devopts.js]
Settings:verify_apps_over_usb_summary	Check apps installed via ADB/ADT for harmful behavior.	Az ADB/ADT-vel telepített alkalmazások ellenőrzése káros viselkedésre. -> Az ADB/ADT útján telepített alkalmazások ellenőrzése kártékony viselkedésre. | Über ADB/ADT installierte Apps auf schädliches Verhalten prüfen. -> Überprüft installierte Apps über ADB/ADT auf schädliches Verhalten | Vérifier si les applications installées via ADB/ADT présentent un comportement dangereux. -> Vérifiez que les applications installées par ADB/ADT ne présentent pas de comportement dangereux. | Comprobar si las aplicaciones instaladas mediante ADB/ADT son dañinas. -> Comprueba las aplicaciones instaladas mediante ADB/ADT para detectar comportamientos dañinos	[jb-devopts.js]
Settings:pointer_location_summary	Screen overlay showing current touch data	Az aktuális érintési adatokat mutató képernyőfedvény -> A fedvény mutatja az aktuális érintési adatokat | Overlay mit aktuellen Touch-Daten -> Overlay mit aktuellen Daten zu Tippaktionen | Superposition affichant les données tactiles -> Superposition écran indiquant données actuelles | Superposición con los datos táctiles actuales -> Superponer los datos de las pulsaciones en la pantalla	[jb-devopts.js]
Settings:debug_drawing_category	Drawing	Rajzolás -> Rajz | Zeichnen -> Zeichnung | Dessin -> Tracé | =	[jb-devopts.js]
Settings:show_screen_updates	Show surface updates	Felületfrissítések mutatása -> Képernyőfrissítések megj. | Oberflächenaktualisierungen anzeigen -> Oberflächenaktualisierungen | Afficher mises à jour surface -> Affich. mise à jour surface | Mostrar cambios de superficie -> Cambios de superficie	[jb-devopts.js]
Settings:show_screen_updates_summary	Flash entire window surfaces when they update	Az egész ablakfelület villogjon frissítéskor -> A teljes ablakfelület villogjon frissítéskor. | Gesamte Fensteroberfläche bei Aktualisierung kurz einblenden -> Flash für gesamte Fensteroberfläche bei Aktualisierung | Faire clignoter les surfaces des fenêtres lors des mises à jour -> Faire clignoter les surfaces à chaque mise à jour | Destellar superficies de ventana al actualizarse -> Actualizar superficies de ventana al actualizarse	[jb-devopts.js]
Settings:debug_layout	Show layout bounds	Elrendezéshatárok mutatása -> Elrendezéshatár mutatása | Layout-Grenzen anzeigen -> Layoutgrenzen einblenden | = | =	[jb-devopts.js]
Settings:debug_layout_summary	Show clip bounds, margins, etc.	Kivágási határok, margók stb. mutatása -> Kliphatárok, margók stb. megjelenítése. | = | Afficher les limites, marges, etc. -> Afficher les limites, les marges de clip, etc. | Mostrar límites de recorte, márgenes, etc. -> Mostrar límites de vídeo, márgenes, etc.	[jb-devopts.js]
Settings:animator_duration_scale_title	Animator duration scale	Animáció hosszának skálája -> Animáció léptéke | Animationsdauerfaktor -> Maßstab für Animatorzeit | Échelle de durée de l’animation -> Échelle durée animation | Escala de duración del animador -> Escala de duración de animador	[jb-devopts.js settings-detail.js]
Settings:debug_hw_drawing_category	Hardware accelerated rendering	Hardveresen gyorsított megjelenítés -> Hardveres gyorsítású megjelenítés | = | Rendu accéléré matériel -> Accélération matérielle | =	[jb-devopts.js]
Settings:force_hw_ui	Force GPU rendering	GPU-megjelenítés kényszerítése -> GPU-megjelenítés | = | = | Forzar renderización GPU -> Forzar aceleración GPU	[jb-devopts.js]
Settings:force_hw_ui_summary	Force use of GPU for 2d drawing	A GPU használata a 2D rajzoláshoz -> GPU használatának kényszerítése 2D rajzhoz | GPU-Nutzung für 2D-Zeichnen erzwingen -> Einsatz von GPU für 2D-Zeichnung erzwingen | Forcer l’utilisation du GPU pour le dessin 2D -> Forcer l'utilisation du GPU pour le dessin 2D | Forzar uso de GPU para dibujo en 2D -> Forzar uso de GPU para dibujos en 2D	[jb-devopts.js]
Settings:show_hw_screen_updates	Show GPU view updates	GPU-nézetfrissítések mutatása -> GPU-nézetfriss. megjel. | GPU-Ansichtsaktualisierungen anzeigen -> Updates mit GPU-Ansicht | Afficher les mises à jour de la vue GPU -> Afficher mises à jour GPU | Mostrar cambios de vista GPU -> Actualizaciones GPU	[jb-devopts.js]
Settings:show_hw_screen_updates_summary	Flash views inside windows when drawn with the GPU	A GPU-val rajzolt nézetek villogjanak az ablakokban -> Ablakbeli nézetek villognak GPU-s rajznál. | Ansichten in Fenstern beim Zeichnen mit GPU kurz einblenden -> Flash-Ansicht im Fenster, wenn mit GPU dargestellt | Faire clignoter les vues dessinées avec le GPU -> Faire clignoter les éléments dessinés avec le GPU | Destellar vistas en ventanas dibujadas con GPU -> Actualizar vistas de las ventanas creadas con GPU	[jb-devopts.js]
Settings:show_hw_layers_updates	Show hardware layers updates	Hardverrétegek frissítésének mutatása -> Hardverréteg-frissítések | Hardware-Layer-Updates anzeigen -> Hardwareebenen-Updates | Afficher mises à jour couches matérielles -> Mises à jour couches matérielles | Mostrar cambios de capas de hardware -> Ver actualizaciones capas	[jb-devopts.js]
Settings:show_hw_layers_updates_summary	Flash hardware layers green when they update	A hardverrétegek frissítéskor zölden villogjanak -> Frissítéskor a hardverrétegek zölden villognak | Hardware-Layer bei Aktualisierung grün einblenden -> Hardwareebenen blinken beim Aktualisieren grün | Faire clignoter les couches matérielles en vert lors des mises à jour -> Couches matérielles en vert une fois mises à jour | Destellar en verde capas de hardware al actualizarse -> Iluminar capas de hardware en verde al actualizarse	[jb-devopts.js]
Settings:show_non_rect_clip	Debug non-rectangular clip operations	Nem téglalap alakú kivágási műveletek hibakeresése -> Nem négyzetes kivágási műveletek hibakeresése | Nicht rechteckige Clip-Vorgänge debuggen -> Nicht rechteckige Clip-Operationen debuggen | Déboguer opérations de découpage non rectangulaire -> Déboguer opé. de découpage non rect. | Depurar operaciones de recorte no rectangular -> Depurar operaciones de recorte no rectangulares	[jb-devopts.js]
Settings:force_msaa	Force 4x MSAA	= | = | Forcer MSAA 4x -> Forcer MSAA 4x | =	[jb-devopts.js]
Settings:force_msaa_summary	Enable 4x MSAA in OpenGL ES 2.0 apps	4x MSAA bekapcsolása OpenGL ES 2.0 alkalmazásokban -> A 4x MSAA engedélyezése az OpenGL ES 2.0-nál | = | Activer MSAA 4x dans les applications OpenGL ES 2.0 -> Activer MSAA 4x dans les applications OpenGL ES 2.0 | Habilitar MSAA 4x en aplicaciones OpenGL ES 2.0 -> Habilitar MSAA 4x en aplicaciones de OpenGL ES 2.0	[jb-devopts.js]
Settings:disable_overlays	Disable HW overlays	HW-fedvények kikapcsolása -> HW fedvények letiltása | = | Désactiver les superpositions matérielles -> Désactiver superpos. matér. | Inhabilitar superposiciones de hardware -> Inhabilitar superposiciones HW	[jb-devopts.js]
Settings:disable_overlays_summary	Always use GPU for screen compositing	Mindig a GPU végezze a képernyő összeállítását -> Mindig a GPU használata képernyő-feldolgozáshoz | Für Bildschirmaufbau immer GPU verwenden -> GPU immer für Bildschirmaufbau verwenden | = | Usar siempre la GPU para componer pantalla -> Usar siempre GPU para combinar pantallas	[jb-devopts.js]
Settings:debug_monitoring_category	Monitoring	= | = | Surveillance -> Suivi | =	[jb-devopts.js]
Settings:strict_mode	Strict mode enabled	Szigorú mód bekapcsolva -> Szigorú mód engedélyezve | = | Mode strict activé -> Mode Strict activé | Modo estricto habilitado -> Modo estricto	[jb-devopts.js]
Settings:show_cpu_usage	Show CPU usage	= | = | Afficher l’utilisation du processeur -> Afficher mém. CPU utilisée | Mostrar uso de CPU -> Mostrar uso de la CPU	[jb-devopts.js]
Settings:show_cpu_usage_summary	Screen overlay showing current CPU usage	Az aktuális CPU-használatot mutató képernyőfedvény -> Képernyőfedvény a jelenlegi CPU-használattal | Overlay mit aktueller CPU-Auslastung -> Bildschirm-Overlay mit aktueller CPU-Auslastung | Superposition indiquant l’utilisation actuelle du processeur -> Superposition écran indiquant mémoire CPU utilisée | Superposición con el uso actual de la CPU -> Suporponer el uso de la CPU en la pantalla	[jb-devopts.js]
Settings:track_frame_time	Profile GPU rendering	GPU-megjelenítés profilozása -> Profil GPU-renderelésről | GPU-Rendering-Profil -> GPU-Rendering für Profil | = | Perfil de renderización GPU -> Perfil de renderización de GPU	[jb-devopts.js]
Settings:enable_opengl_traces_title	Enable OpenGL traces	OpenGL-nyomkövetés bekapcsolása -> OpenGL nyomon követése | = | = | Habilitar seguimientos OpenGL -> Habilitar seguimiento OpenGL	[jb-devopts.js]
Settings:immediately_destroy_activities_summary	Destroy every activity as soon as the user leaves it	Minden tevékenység megszüntetése, amint a felhasználó elhagyja -> Tevékenységek törlése, amint elhagyják azokat | = | = | =	[jb-devopts.js]
Settings:app_process_limit_title	Background process limit	Háttérfolyamatok korlátja -> Háttérfolyamat-korlátozás | Limit für Hintergrundprozesse -> Hintergrundprozesslimit | Limite processus en arrière-plan -> Limite processus arr.-plan | Límite de procesos en segundo plano -> Límitar procesos en segundo plano	[jb-devopts.js]
Settings:show_all_anrs	Show all ANRs	= | Alle ANRs anzeigen -> Alle ANRS anzeigen | = | Mostrar todos los errores ANR -> Errores sin respuesta	[jb-devopts.js]
Settings:show_all_anrs_summary	Show App Not Responding dialog for background apps	A háttéralkalmazásoknál is jelenjen meg a „Nem válaszol” párbeszédablak -> Az Alkalmazás nem válaszol ablak megjelenítése | Dialogfeld „App reagiert nicht“ für Hintergrund-Apps anzeigen -> Dialogfeld "App antwortet nicht" für Hintergrund-Apps anzeigen | Afficher « L’application ne répond plus » pour applications en arrière-plan -> Afficher "L'application ne répond plus" pour applis en arrière-plan | Mostrar cuadro de diálogo de aplicación no responde en segundo plano -> Informar de que una aplicación en segundo plano no responde	[jb-devopts.js]
framework:keyboardview_keycode_shift	Shift	= | Umschalt -> Shift | = | Mayúsculas -> Mayús	[lockscreen.js]
Settings:backup_configure_account_title	Backup account	Biztonsági mentési fiók -> Biztonsági mentés helye | = | = | =	[simulator.js]
Settings:backup_configure_account_default_summary	No account is currently storing backed up data	Jelenleg egy fiók sem tárol mentett adatokat -> Jelenleg egyik fiók sem tárol biztonsági mentéseket | Zurzeit werden in keinem Konto gesicherte Daten gespeichert -> Zurzeit werden in keinem Konto gesicherte Daten gespeichert. | Aucun compte n’enregistre de sauvegardes pour le moment -> Aucun compte ne stocke actuellement des données sauvegardées. | Ninguna cuenta almacena datos con copia de seguridad -> Ninguna cuenta está almacenando datos con copia de seguridad en estos momentos.	[simulator.js]
Settings:accessibility_screen_magnification_title	Magnification gestures	= | = | Gestes de zoom -> Gestes d'agrandissement | Gestos de ampliación -> Gestos de lupa	[simulator.js]
Settings:accessibility_power_button_ends_call_prerefence_title	Power button ends call	A bekapcsológomb befejezi a hívást -> Bekapcs. gomb megszakítja a hívást | = | Bouton marche/arrêt pour raccrocher -> Marche/arrêt pour raccrocher | =	[simulator.js]
Settings:accessibility_global_gesture_preference_title	Accessibility shortcut	Kisegítő lehetőségek gyorsparancsa -> Hozzáférési gyorskombináció | = | Raccourci d’accessibilité -> Raccourci d'accessibilité | =	[simulator.js]
Settings:tts_settings_title	Text-to-speech output	Szövegfelolvasás -> Szövegfelolvasó kimenet | = | Synthèse vocale -> Sortie de la synthèse vocale | =	[simulator.js]
Settings:accessibility_long_press_timeout_preference_title	Touch & hold delay	Érintés és tartás késleltetése -> Érintés és tartási késleltetés | = | = | =	[simulator.js]
SKIP	Default	Alapértelmezett	LatinImeGoogle:key_preview_popup_dismiss_default_delay=Alapbeállítás / Settings:locale_default=Alapértelmezett	[simulator.js]
Settings:pointer_speed	Pointer speed	= | = | Vitesse du curseur -> Vitesse du pointeur | =	[simulator.js]
Settings:musicfx_title	Music effects	Zenei effektusok -> Zenei hatások | = | = | =	[settings-detail.js]
Settings:vibrate_when_ringing_title	Vibrate when ringing	Rezgés csörgéskor -> Csörgéskor rezegjen | Bei Anruf vibrieren -> Beim Klingeln vibrieren | Vibrer lors des appels -> Vibreur quand téléphone sonne | =	[settings-detail.js]
Settings:date_time_date_format	Choose date format	Dátumformátum kiválasztása -> Válassza ki a dátum formátumát | = | Format de date -> Choisir le format de la date | =	[settings-system.js]
framework:shutdown_confirm	Your phone will shut down.	= | = | Votre téléphone va s’éteindre. -> Votre téléphone va s'éteindre. | =	[global-actions.js]
framework:reboot_safemode_confirm	Do you want to reboot into safe mode? This will disable all third party applications you have installed. They will be restored when you reboot again.	= | = | Voulez-vous redémarrer en mode sans échec ? Cette opération aura pour effet de désactiver toutes les applications tierces que vous avez installées. Elles seront réactivées au prochain redémarrage. -> Voulez-vous redémarrer en mode sans échec ? Cette opération aura pour effet de désactiver toutes les applications tierces que vous avez installées. Elles seront réactivées au prochain redémarrage. | =	[global-actions.js]
framework:bugreport_message	This will collect information about your current device state, to send as an e-mail message. It will take a little time from starting the bug report until it is ready to be sent; please be patient.	= | = | Cela permet de recueillir des informations concernant l’état actuel de votre appareil. Ces informations sont ensuite envoyées sous forme d’e-mail. Merci de patienter pendant la préparation du rapport de bug. Cette opération peut prendre quelques instants. -> Cela permet de recueillir des informations concernant l'état actuel de votre appareil. Ces informations sont ensuite envoyées sous forme d'e-mail. Merci de patienter pendant la préparation du rapport de bug. Cette opération peut prendre quelques instants. | =	[global-actions.js]
framework:volume_icon_description_incall	Call volume	= | = | Volume d’appel -> Volume d'appel | =	[volume-panel.js]
Settings:bluetooth_search_for_devices	Search for devices	= | = | Rechercher des appareils -> Rechercher appareils | =	[simulator.js]
SKIP	Searching…	Keresés...	Settings:bluetooth_searching_for_devices=Keresés... / Settings:wifi_p2p_menu_searching=Keresés... / TeleService:load_networks_progress=Keresés…	[simulator.js]
Settings:wifi_p2p_menu_rename	Rename device	= | = | Renommer l’appareil -> Renommer l'appareil | =	[simulator.js]
LiveWallpapersPicker:live_wallpaper_picker_label	Live Wallpapers	= | = | Fonds d’écran animés -> Fonds d'écran animés | =	[simulator.js]
SKIP	Disabled	Letiltva	Settings:selinux_status_disabled=Letiltva / Settings:filter_apps_disabled=Nincs engedélyezve / Settings:disabled=Letiltva	[settings-detail.js]
GoogleDialer:onscreenMuteText	Phone|Mute	Lezárás | Ton aus | Silencieux | Silenciar
